,year,urban,choose,get,feel,individual,self,unique,child,mean
0,1800,1.7708091633039658e-06,3.576906374291866e-05,0.00012315597814449575,9.692304956843145e-05,6.06772418905166e-05,9.639175004849676e-05,1.8522006683951986e-06,0.00013844457680534106,6.937308375398743e-05
1,1801,1.4457351568353261e-06,3.6403516787686385e-05,0.00011079984542448074,9.230778377968817e-05,5.7693550479598345e-05,9.110464452533051e-05,1.6708314092284127e-06,0.0001277393166674301,6.489565302878476e-05
2,1802,1.2047792973627718e-06,3.8026939667664315e-05,0.00010478447196267855,9.014030971835989e-05,5.9725201329759635e-05,8.628388119783874e-05,1.4972323564658534e-06,0.00012123650230932981,6.286241472993245e-05
3,1803,1.0377770449971585e-06,3.804334924747569e-05,0.0001009428285345036,9.186741538412337e-05,5.960256852891429e-05,8.471988050067531e-05,1.500477740786924e-06,0.00011673567288588467,6.180624623342013e-05
4,1804,6.798255748817285e-07,3.827626980117722e-05,7.931725018092298e-05,8.481195566543777e-05,5.9949306887574494e-05,7.687878366726051e-05,1.0442724861344947e-06,9.502360522414424e-05,5.449765868594168e-05
5,1805,2.868208431396267e-07,3.7797744620807604e-05,7.506576574607087e-05,8.758960133751057e-05,6.124686634783367e-05,7.584060949739069e-05,1.0586970721046133e-06,9.312381631129288e-05,5.400124022201881e-05
6,1806,1.2123781140920592e-07,3.931719662172587e-05,7.523644100209432e-05,9.032310065647055e-05,5.994355680221426e-05,7.543457260388615e-05,1.111711234053863e-06,9.676265991791817e-05,5.478130958122155e-05
7,1807,1.1829010253856203e-07,3.851784744516148e-05,7.269886555150151e-05,8.745633074015911e-05,5.7472238300501234e-05,7.15477196666013e-05,1.0216156332327436e-06,9.371820903782333e-05,5.2818889559689915e-05
8,1808,1.3319632888705461e-07,3.8621828155425775e-05,7.440333450046767e-05,9.050740170226033e-05,5.8925672679574094e-05,7.476866864765595e-05,9.962579464887052e-07,9.677487209306232e-05,5.439140400672773e-05
9,1809,1.3319632888705461e-07,3.71219809624433e-05,7.315110269701108e-05,9.118125828016283e-05,5.848279033671133e-05,7.80031134906624e-05,1.0294143716497014e-06,9.53290332940274e-05,5.430398622019439e-05
10,1810,1.4299077020853345e-07,3.6373720961689416e-05,7.548737318886976e-05,9.201402904831671e-05,5.962342506141535e-05,7.802503075384135e-05,8.987190491487646e-07,9.4974173407536e-05,5.469243278012824e-05
11,1811,2.0939653515889794e-07,3.544876536969761e-05,7.659727478832272e-05,9.505687506004636e-05,6.158989708637819e-05,7.80949620613163e-05,9.168064138975751e-07,9.152846801693418e-05,5.493030566646898e-05
12,1812,1.6179354186566082e-07,3.551643905146713e-05,7.868824260575431e-05,9.891283220245637e-05,6.190833456847551e-05,7.910572354116343e-05,8.970884225943467e-07,8.905451977625489e-05,5.5530621713753964e-05
13,1813,1.7605777255117312e-07,3.475503399386071e-05,7.714034187042021e-05,9.919523498475818e-05,6.595807177031279e-05,7.672040997671761e-05,8.925907439204041e-07,8.50925747987016e-05,5.499128948890534e-05
14,1814,2.177524811892389e-07,3.4873106155178645e-05,8.067092338543651e-05,0.00010630109941952728,7.205099661535184e-05,7.814506742371512e-05,9.682973752335653e-07,8.718271211754265e-05,5.755124437164685e-05
15,1815,1.8624189276498067e-07,3.395351866077233e-05,8.059681256002347e-05,0.00010959349726493071,7.555939165675747e-05,7.687564565068377e-05,1.0182085605135529e-06,8.731581848613652e-05,5.813739184157285e-05
16,1816,2.2568662519769793e-07,3.368814785582279e-05,8.069205172692559e-05,0.0001118104753134373,7.704061135882512e-05,7.463508726297212e-05,1.0529400518472748e-06,9.105422421790925e-05,5.877490305161714e-05
17,1817,2.2802996570346424e-07,3.5092965845251456e-05,7.824751914345793e-05,0.00011369931702834688,8.056211871527401e-05,7.438442012893834e-05,1.1087862341290538e-06,9.489875394917493e-05,5.9777738876284504e-05
18,1818,1.5384781753320048e-07,3.549922985257581e-05,7.664582205636959e-05,0.00011376071259811786,8.28622464073955e-05,7.345723341651527e-05,1.162688801871679e-06,9.843269903545402e-05,6.024680999822911e-05
19,1819,1.4509717706699477e-07,3.5183041680803786e-05,7.452158024534583e-05,0.00011248639722387972,8.414469942051386e-05,7.288707066826256e-05,1.1323756357991703e-06,0.00010019128863599949,6.008644383595893e-05
20,1820,1.38373351760939e-07,3.6229521356290206e-05,7.433912313509998e-05,0.00011163327040516638,8.28145005341087e-05,7.23827033652924e-05,1.108885823798898e-06,0.00010094911808014981,5.994943700645841e-05
21,1821,9.364139064160781e-08,3.6502056380933414e-05,7.330093545273744e-05,0.00011123657584123845,8.169886340121073e-05,7.27682833842534e-05,1.0718756259718378e-06,0.00010300285586189213,5.995938591735988e-05
22,1822,1.0523812361234214e-07,3.733756394857275e-05,7.646551862957754e-05,0.00011292809254622885,8.51290044790533e-05,7.154969976649486e-05,1.0518598076357324e-06,0.00010260909143003769,6.0897008591401634e-05
23,1823,7.897725483120763e-08,3.849059794447385e-05,7.944578724813514e-05,0.00011811051808763295,8.784490221712206e-05,7.209133764263242e-05,1.1910317100825653e-06,0.00010333131649531424,6.257305857502806e-05
24,1824,6.805156451049146e-08,3.7742687189685444e-05,7.99970917536744e-05,0.00011859478919567274,8.829764556139708e-05,7.324106055810782e-05,1.3308990349157414e-06,0.0001046871901572948,6.299492687690731e-05
25,1825,7.981036720394741e-08,3.7768889472187895e-05,8.126132992661692e-05,0.00012033167981176771,8.953282875674111e-05,7.406723099328312e-05,1.355032834128776e-06,0.00010579319080404405,6.377374912074669e-05
26,1826,8.065382431762405e-08,3.8237828578400824e-05,8.282552880700678e-05,0.00012317590153543279,9.383800456167332e-05,7.611484657640435e-05,1.4775578815065922e-06,0.0001096612135630234,6.567644191597071e-05
27,1827,6.628520982892333e-08,3.835748585905614e-05,8.428454020759091e-05,0.000129054237082268,9.908516845566087e-05,8.166882097222177e-05,1.5377293688548628e-06,0.00011255490244366229,6.832614619989297e-05
28,1828,1.035938873731165e-07,3.882473902194761e-05,8.522161078872159e-05,0.0001311575885795589,0.00010262467341297972,8.300251855481682e-05,1.6235248787259998e-06,0.00011469836109816762,6.965707627778642e-05
29,1829,5.643057187246622e-07,3.6514080940313374e-05,9.462709255915667e-05,0.00012350255565252155,0.00010578429646557197,8.080583367180745e-05,2.2047838846057336e-06,0.00011059926224074193,6.932527639168042e-05
30,1830,5.642971536395131e-07,3.589358415670826e-05,9.64613604342698e-05,0.00012432822924373404,0.00010850650141946971,8.332860566692293e-05,2.196317203535208e-06,0.00011234734535849254,7.04532800795965e-05
31,1831,6.311104285521602e-07,3.565422645936321e-05,0.00010054436487345291,0.00012526786304078996,0.00011200870566036818,8.260700321573365e-05,2.1681956598383423e-06,0.00010983436576290322,7.10894793876252e-05
32,1832,6.819780104448471e-07,3.566585343963068e-05,0.00010441202383455155,0.00012829029583372176,0.00011411177859242474,8.576090840506367e-05,2.2717454320237655e-06,0.00011334679376367214,7.306767216394164e-05
33,1833,6.923797550533501e-07,3.583912829136742e-05,0.0001068953809278485,0.00013032672203345492,0.00011477768774576751,8.613380435105813e-05,2.313946554620218e-06,0.00011301350917035182,7.374906985369023e-05
34,1834,7.007718240613161e-07,3.517758523230441e-05,0.00010966321653021234,0.00012878982774314603,0.0001144882823739733,8.383640722188699e-05,2.3888132026123846e-06,0.00011332369987420472,7.354607550030018e-05
35,1835,6.844049329807993e-07,3.4934572925392005e-05,0.00011336904156321128,0.00012987220543436706,0.00011689633850307603,8.590282907659587e-05,2.4872719482768195e-06,0.0001155821030676764,7.496609593144704e-05
36,1836,2.3002806922737103e-07,3.685486392766636e-05,0.00010547272956630747,0.00013832702825311571,0.00011433062068785407,9.069665039922776e-05,2.0583964734604317e-06,0.00012422309477447664,7.652417651891698e-05
37,1837,2.3776762653986744e-07,3.6883152850870306e-05,0.0001064120463394959,0.00013591907086915204,0.00011213348729402892,8.984197899865518e-05,2.025736729852464e-06,0.00012469507990837364,7.601854007712104e-05
38,1838,2.086176717089724e-07,3.66510555198017e-05,0.00010618224873074464,0.00013652243485142077,0.00011094150873499789,9.310183564334043e-05,2.124516104881228e-06,0.00013063066372913973,7.704536012325442e-05
39,1839,1.7958856598657542e-07,3.6310142084922905e-05,0.00010624837990949995,0.0001352776598650962,0.00010835718941442403,9.268268019825752e-05,2.1721226305869223e-06,0.00013175284714504545,7.662257622672745e-05
40,1840,2.0507831217335998e-07,3.547145544351744e-05,0.00010661319018774,0.00013372681236692837,0.00010730624386009627,9.399032153721367e-05,2.246903656149308e-06,0.00013432267795516445,7.673533541487287e-05
41,1841,2.0719870568492687e-07,3.4793834077260855e-05,0.0001062421641628524,0.00013302057050168514,0.00010497104293400688,9.565904266699883e-05,2.3527057269997646e-06,0.00013741279170582338,7.683241881016402e-05
42,1842,2.726586793804537e-07,3.471101029260483e-05,0.00010635961786777313,0.0001319492481083476,0.00010194656247871794,9.486061130051635e-05,2.3945871784495206e-06,0.00013853407498182996,7.637854636095249e-05
43,1843,2.663535677730319e-07,3.426129426640857e-05,0.00010652838162578908,0.00013090099673718214,9.94893499799738e-05,9.48967644944787e-05,2.442814304361361e-06,0.00013790422235615551,7.583627216651527e-05
44,1844,2.852265593235513e-07,3.333010265903015e-05,0.0001068732381099835,0.00013077052218639956,9.832078129485515e-05,9.604186094033398e-05,2.6181791261998503e-06,0.0001398449801074873,7.601061137295163e-05
45,1845,2.903880554429504e-07,3.299258449780089e-05,0.00010812439515055823,0.00013186500914993564,9.680727089289576e-05,9.755587442279128e-05,2.681125157063694e-06,0.00014143756665622016,7.646927674783857e-05
46,1846,2.887563651045509e-07,3.27515928282602e-05,0.00010900649795075879,0.0001304958901268297,9.729042877942058e-05,9.840486226104466e-05,2.69538099928468e-06,0.00014123775846590952,7.652139597207659e-05
47,1847,3.015081264022358e-07,3.280387474140818e-05,0.00011185556754103995,0.00013097353803459555,9.611251152819023e-05,9.836986074723037e-05,2.767798767828416e-06,0.00014305337598281248,7.702975443368842e-05
48,1848,3.245922022594121e-07,3.2784862664162316e-05,0.0001133616772546832,0.0001306097723759844,9.618483454687521e-05,9.801839041756466e-05,2.8372306327842774e-06,0.00014297833591366986,7.713746200099791e-05
49,1849,2.8125678954081324e-07,3.264603323519363e-05,0.00011678733530321292,0.00013048393988615965,9.554448791147609e-05,9.764625532885216e-05,2.8753248833319437e-06,0.00014278558955993503,7.738127786221278e-05
50,1850,3.007491581489116e-07,3.262640010299427e-05,0.00012084882369630836,0.00013048052850146114,9.524452928287377e-05,9.730854383503486e-05,2.944913246340418e-06,0.00014504658923085247,7.810013463175178e-05
51,1851,3.143939985810513e-07,3.27535490214359e-05,0.0001233700303211143,0.0001304409244247446,9.482633322477341e-05,9.786926862683945e-05,2.95160894633487e-06,0.00014514130348938385,7.845842650665093e-05
52,1852,3.240572011366437e-07,3.246400462688014e-05,0.00012523822598658235,0.00012746025562851822,9.304439819451156e-05,9.557215733886031e-05,2.943749937652943e-06,0.00014372357899057015,7.759630348808904e-05
53,1853,3.159262352677875e-07,3.253388812091933e-05,0.00012944695897333856,0.00012636993467042754,9.088205011461728e-05,9.458618920429476e-05,3.0151433553068533e-06,0.00014356671765978848,7.758960104174507e-05
54,1854,3.037550604696142e-07,3.2207293770625256e-05,0.00013192666353591318,0.00012403902967759808,8.932132082658686e-05,9.384000129232715e-05,3.073514822712501e-06,0.0001436535011245204,7.729563501384412e-05
55,1855,2.982691630190207e-07,3.1576815412596e-05,0.00013560524010764702,0.00012351699531011815,8.832046296447515e-05,9.402211747198765e-05,3.0242397640124963e-06,0.00014456633237257068,7.761630907080328e-05
56,1856,2.9131072868234955e-07,3.133022281482616e-05,0.0001353468604585422,0.00012122740528346705,8.668975663437908e-05,9.486643102718517e-05,3.0425037169022417e-06,0.00014464076334011873,7.717940675051288e-05
57,1857,2.981755500286454e-07,3.1064684143140244e-05,0.00013690998145778264,0.00011945544766993927,8.586675331961098e-05,9.586306467619059e-05,3.112070641821317e-06,0.00014488247480975197,7.718158153353321e-05
58,1858,2.805878795340634e-07,3.062626534041816e-05,0.00013925813047015772,0.00011720512910479946,8.364397217519581e-05,9.584213174613459e-05,3.111372377264031e-06,0.00014377391198650002,7.671768763500047e-05
59,1859,2.5564084994909665e-07,3.0458503065996672e-05,0.00014424645840855583,0.00011623459119748856,8.149972979611318e-05,9.564491795442467e-05,3.1941146646983853e-06,0.0001408356204462637,7.654619704793626e-05
60,1860,2.7321891999625745e-07,2.993210962033897e-05,0.00014748730089715018,0.0001141368764885036,8.007518980386002e-05,9.510216997503968e-05,3.2420543902844656e-06,0.00013968251836818775,7.624142980792011e-05
61,1861,2.8203898848135266e-07,2.959358919594836e-05,0.00015104851419372217,0.00011386886139267258,7.870670482848905e-05,9.55204460686738e-05,3.2565282838602016e-06,0.00013706515476639782,7.616772971478067e-05
62,1862,2.858123845531476e-07,2.9271805552915403e-05,0.00015594453309729164,0.00011366275638075811,7.59082571935973e-05,9.557804254914768e-05,3.389497383718013e-06,0.00013549896954957928,7.619245926144507e-05
63,1863,2.831984602380544e-07,2.9050036183824496e-05,0.0001613534488050001,0.00011445203563198447,7.427016576652281e-05,9.532105572621472e-05,3.505839198883872e-06,0.00013395028197140033,7.652325771800861e-05
64,1864,2.918618398390598e-07,2.8523426018572146e-05,0.00016462841345595995,0.00011366673425072804,7.338626268652401e-05,9.561902282127579e-05,3.6716500874587965e-06,0.00013261468432444547,7.65502569356004e-05
65,1865,3.242860608614657e-07,2.8402182059445685e-05,0.0001696568527092625,0.00011313495217889016,7.34049774889302e-05,9.495523824755634e-05,3.847694123188765e-06,0.0001342403723226328,7.724581939884599e-05
66,1866,3.5594026469100625e-07,2.8239638205767343e-05,0.00017190016972433244,0.0001121861974492536,7.30821765111094e-05,9.638876716573057e-05,4.053283484089272e-06,0.00013701981307739125,7.790324823529562e-05
67,1867,3.6928493126911886e-07,2.7912621330220384e-05,0.0001719877389924867,0.00011161085317975708,7.262307917699218e-05,9.606452346945713e-05,4.18018761852831e-06,0.0001383238226740754,7.788401392159828e-05
68,1868,3.878289029606614e-07,2.7720256704404684e-05,0.0001718651391066877,0.00010959170322166756,7.229417886784566e-05,9.612019390000828e-05,4.4199866156954414e-06,0.00014109781269715832,7.793713750205354e-05
69,1869,3.9973699423561424e-07,2.752303121919145e-05,0.00017927107650653591,0.00010722017136036552,7.28487762639166e-05,9.527534816048242e-05,4.556058164390768e-06,0.00014111901899533614,7.85266522080568e-05
70,1870,4.2225404886916553e-07,2.7117540022507975e-05,0.0001793202993992184,0.00010490142137444179,7.380574970738962e-05,9.575841977493837e-05,4.783803043600139e-06,0.00014370344537642917,7.872661659342433e-05
71,1871,4.4137692611911916e-07,2.6797978404959266e-05,0.00018136823408505215,0.00010329477351790826,7.425960315491206e-05,9.453708584520168e-05,4.91079085155174e-06,0.00014324424513948282,7.860676099064838e-05
72,1872,4.5290835259947926e-07,2.6394439243761424e-05,0.0001796718466461503,0.00010255777721925239,7.470504975312256e-05,9.462323214393109e-05,5.034828583510327e-06,0.00014255898297830884,7.824988311507956e-05
73,1873,4.476794442455555e-07,2.6063478539331948e-05,0.0001810059787073572,0.00010049380216514692,7.521649656285132e-05,9.25182830542326e-05,5.129251933664948e-06,0.0001409055174527956,7.772256098245325e-05
74,1874,4.714642045655637e-07,2.6052821600127834e-05,0.00018351438796214228,9.85987696497302e-05,7.617918475131904e-05,9.312393064776967e-05,5.385175167508091e-06,0.00013947695177713676,7.785033572003743e-05
75,1875,4.954087151937918e-07,2.5540034974775544e-05,0.00018518925935495645,9.613667914111699e-05,7.588633785157331e-05,9.107827125782413e-05,5.493999846554029e-06,0.0001356235339439341,7.693044063574104e-05
76,1876,5.390228230745768e-07,2.52253729351131e-05,0.00017728689376131764,9.435880305578134e-05,7.624040985579736e-05,9.025475758660053e-05,5.666965535056079e-06,0.0001364591797547681,7.575392566343858e-05
77,1877,5.558944370217692e-07,2.494651562301442e-05,0.00017721334006637335,9.268505423928477e-05,7.560372614534572e-05,8.853214551761215e-05,5.7551039520019136e-06,0.0001347386631615726,7.500380539277835e-05
78,1878,5.69920201444672e-07,2.49065942625748e-05,0.00017360627992145185,9.116163814074493e-05,7.483756365088214e-05,8.805191464489326e-05,5.9291688947788705e-06,0.00013548515354549245,7.431852915778287e-05
79,1879,5.820853833223996e-07,2.460335677564477e-05,0.00017650079098530114,8.995288538114567e-05,7.440560355982078e-05,8.668110967846587e-05,6.10794196680737e-06,0.00013463071705440858,7.418306134811457e-05
80,1880,6.453551739988532e-07,2.441517634516848e-05,0.00017402178699350252,8.907904910821734e-05,7.55512758457501e-05,8.707452902204491e-05,6.384283551597036e-06,0.000134879704481656,7.40063950652419e-05
81,1881,6.711239036251624e-07,2.4022420932721745e-05,0.00017399918579030782,8.858915576378681e-05,7.598468385237669e-05,8.583700088950406e-05,6.594271781068528e-06,0.00013496981617728515,7.383345738633449e-05
82,1882,7.447850326311059e-07,2.386600265578766e-05,0.00017512509241766696,8.819575097212302e-05,7.710127725398966e-05,8.58511942039643e-05,6.936600844450627e-06,0.0001368467596226505,7.433343287540797e-05
83,1883,8.967221073622309e-07,2.3682654240734075e-05,0.0001779119047569111,8.766641154319846e-05,7.888333181784089e-05,8.647845035219299e-05,7.272744109546433e-06,0.00013814079492086812,7.511662673108179e-05
84,1884,9.350127519220613e-07,2.3462024338576676e-05,0.00018012285623366812,8.699496226784374e-05,8.006079588085413e-05,8.696422550461389e-05,7.544065543437942e-06,0.0001387501064787752,7.560425612496147e-05
85,1885,1.0117853516281424e-06,2.3141291031996453e-05,0.00018471898926821138,8.623580755998514e-05,8.089448445908991e-05,8.682842495285772e-05,7.839633651331366e-06,0.00013808072877249548,7.609389313094945e-05
86,1886,1.0988350709340011e-06,2.3127601317745367e-05,0.000186148369851123,8.521621722528445e-05,8.17554204591683e-05,8.757156631743004e-05,8.224204650884661e-06,0.00013888152898289263,7.650296798443281e-05
87,1887,1.3384221395946433e-06,2.2901651391293854e-05,0.00018846682879874215,8.451351459370926e-05,8.200800428832216e-05,8.754308614048309e-05,8.599396096542478e-06,0.00013956784303965314,7.68673433110426e-05
88,1888,1.5613868770612629e-06,2.2619804180327003e-05,0.0001901735252301608,8.394052877390225e-05,8.236350653792865e-05,8.792927318219361e-05,9.04710200952e-06,0.00014005473765012409,7.72112330551522e-05
89,1889,1.6434885878879868e-06,2.2525474767982295e-05,0.000191984635811033,8.406314217219395e-05,8.356876995614064e-05,8.98259479851861e-05,9.46460802099734e-06,0.00014129431344502206,7.804629759330542e-05
90,1890,1.6530382984975795e-06,2.2443914921106106e-05,0.00019404289404129877,8.424899195753304e-05,8.36555690122103e-05,9.059014701051638e-05,9.978858413108225e-06,0.0001407049026706123,7.841478954061034e-05
91,1891,2.0691850132997e-06,2.249219999482323e-05,0.00019653373913440322,8.401985126381208e-05,8.531557146592863e-05,9.094529377762228e-05,1.0552229858668788e-05,0.00014077691386254237,7.908812304638754e-05
92,1892,2.3444904400093947e-06,2.2313671122122158e-05,0.00019653274336763258,8.312345120689965e-05,8.649372154780264e-05,9.05259366845712e-05,1.0944287039040188e-05,0.00014185309867441122,7.926642501031113e-05
93,1893,2.432031075321512e-06,2.2132043471044328e-05,0.0001975380873773247,8.287755086452567e-05,8.841424278216437e-05,9.091254053471078e-05,1.1275939739009897e-05,0.0001454885392117181,8.013387188197741e-05
94,1894,2.3547427677580605e-06,2.1861544934966203e-05,0.000198334754843797,8.219405676105193e-05,8.961242565419525e-05,9.027053394155311e-05,1.1573609559231304e-05,0.0001458541165837752,8.025697313079102e-05
95,1895,2.346957752966513e-06,2.1824586968120586e-05,0.0001982475763985089,8.159048281543489e-05,9.105448615238336e-05,9.035866345844365e-05,1.1786861510440108e-05,0.00014768440451007336,8.061175244579642e-05
96,1896,2.523701563664612e-06,2.1992621831096975e-05,0.00020110055629629642,8.22107945818321e-05,9.125626404836242e-05,9.020345792773046e-05,1.1848907109067244e-05,0.00014916589550141777,8.12877748574335e-05
97,1897,2.5803546382771207e-06,2.2300554909244446e-05,0.00020455394613756134,8.317021066821846e-05,9.211690485244617e-05,9.034602719891285e-05,1.1835895488080236e-05,0.00015187987342609892,8.234797091485495e-05
98,1898,2.4281208815019843e-06,2.203859574884908e-05,0.0002065081020451284,8.265230904466339e-05,9.31553918884934e-05,8.912489283829927e-05,1.1889353897588859e-05,0.00015185351990762034,8.245628578151809e-05
99,1899,2.4168373329302995e-06,2.195856333336061e-05,0.00020948751314011003,8.33342201076448e-05,9.459249226243369e-05,8.984269204250137e-05,1.2186297551254808e-05,0.0001515377828452204,8.316954982693199e-05
100,1900,2.5594983981136465e-06,2.1632612125748502e-05,0.00021092066059022078,8.285859283725066e-05,9.595944824728317e-05,8.888015353087602e-05,1.2464520165979462e-05,0.0001490437695922862,8.303990693596981e-05
101,1901,2.661457106764179e-06,2.1615648230571033e-05,0.0002148512056529788,8.29976748458908e-05,9.728626173455268e-05,8.862705934526665e-05,1.2661882595109222e-05,0.00014982550263604416,8.381583651839719e-05
102,1902,2.798928042985998e-06,2.1321126561295906e-05,0.00021870003547519445,8.226929016278259e-05,9.897211462625169e-05,8.763478815256218e-05,1.2871699124973799e-05,0.00014850293518975377,8.413386466697504e-05
103,1903,2.855330259470585e-06,2.048926736668883e-05,0.0002207741282680737,7.992209326143243e-05,0.00010174994219726483,8.569137051901115e-05,1.3050492530705274e-05,0.0001462857347048287,8.385229488843443e-05
104,1904,2.979220945625067e-06,1.963672626256344e-05,0.00022200932601533298,7.753430067428521e-05,0.00010397652450982215,8.420679660048336e-05,1.3222007899977533e-05,0.00014522630330507776,8.359890077664595e-05
105,1905,3.0457959577948453e-06,1.9173609741431263e-05,0.0002267512006385784,7.7098972854271e-05,0.00010560192770624001,8.399029632398327e-05,1.3326053574149097e-05,0.00014489575239297534,8.42354511486779e-05
106,1906,3.1660651334927285e-06,1.8959770646428558e-05,0.00023209385939740708,7.661291393950316e-05,0.00010746317898987659,8.275385126970442e-05,1.3201752673402162e-05,0.00014564912791164325,8.498756499518225e-05
107,1907,3.4054362783665837e-06,1.878970111387649e-05,0.00023597896298659698,7.610857158267339e-05,0.0001096203424302595,8.204988054265934e-05,1.3188276170694735e-05,0.00014549041432993754,8.557894817938306e-05
108,1908,3.7608418616790525e-06,1.8324003186925048e-05,0.0002401272504357621,7.478234744797061e-05,0.00011357178404328547,8.051585401907297e-05,1.3061372555966955e-05,0.00014307622456856604,8.590245976490352e-05
109,1909,3.935236301393681e-06,1.808093605047491e-05,0.0002468928848559569,7.49344565390077e-05,0.00011593540693866089,7.959066299788122e-05,1.2936473597489697e-05,0.0001457572985340708,8.725791947686698e-05
110,1910,4.43738901724698e-06,1.7973173141529385e-05,0.00025261607619800737,7.521745179214381e-05,0.0001189356979531502,7.873873671217422e-05,1.2978113253276596e-05,0.00014554506508700018,8.83052128943161e-05
111,1911,4.668068835858971e-06,1.77658748725662e-05,0.0002574763077843402,7.552862786854218e-05,0.0001216989299531893,7.813852425897494e-05,1.3016550188435108e-05,0.000146143656041074,8.930456747537261e-05
112,1912,4.892818001930469e-06,1.7544103164774632e-05,0.0002584265312179923,7.524883715502386e-05,0.0001244792209555661,7.745628681732342e-05,1.3046172690727481e-05,0.00014721206181483076,8.978825397727113e-05
113,1913,5.092390763041164e-06,1.716637468364622e-05,0.00026479809977380294,7.552296301582828e-05,0.0001276658897820328,7.714068280100557e-05,1.3147928647023427e-05,0.00014624570030719042,9.084750372169636e-05
114,1914,5.145967731680555e-06,1.6955437916164685e-05,0.00026902852031136196,7.630972062803007e-05,0.000130418041538048,7.719164568698034e-05,1.3041977841307276e-05,0.0001447720777442945,9.160792367473341e-05
115,1915,5.269730536383577e-06,1.6921488817648162e-05,0.0002747866133826652,7.791089384617018e-05,0.00013236214622988233,7.866725770457248e-05,1.3053709283537631e-05,0.000144210658618249,9.289781230238858e-05
116,1916,5.415951948504828e-06,1.6848026591885302e-05,0.0002806659363808909,7.925458963394963e-05,0.0001353638882782044,8.013438907385404e-05,1.3085105950137535e-05,0.00014018377987667918,9.386895846676324e-05
117,1917,5.2582027560025125e-06,1.6825557395350188e-05,0.00028548980896760313,8.046209612595183e-05,0.0001377418791110228,8.13460470193864e-05,1.3211159966886044e-05,0.00013817119179293513,9.481324289189226e-05
118,1918,5.392498613738488e-06,1.6824988051666878e-05,0.00028851342670220347,8.11916179372929e-05,0.00014016119530424476,8.147770443299253e-05,1.3276996209502353e-05,0.00013536748260126581,9.52757387316134e-05
119,1919,5.676883444851098e-06,1.688995585677081e-05,0.00029276360042526254,8.232525267106081e-05,0.00014280516604360725,8.193533929962931e-05,1.345149680024146e-05,0.00013437878806144,9.627831032535791e-05
120,1920,6.0332428282500975e-06,1.7125282153886345e-05,0.0002883266216875719,8.239992374521015e-05,0.00014462588712506528,8.227500802604482e-05,1.3650546861754265e-05,0.00013611413097740815,9.631883042564888e-05
121,1921,6.4733558896737776e-06,1.72785920377854e-05,0.0002924252476077527,8.301635430793144e-05,0.00014735866196653142,8.27980028199298e-05,1.39366155573433e-05,0.0001405243986352746,9.797640360277778e-05
122,1922,6.883343108451559e-06,1.7469712474849075e-05,0.00028748584944488745,8.272268210670777e-05,0.00014871020227604146,8.193193207262084e-05,1.428038805378102e-05,0.0001444673232202019,9.799392909469264e-05
123,1923,7.486872813647746e-06,1.775200923605423e-05,0.0002825232472137681,8.254242753277399e-05,0.0001517184968439064,8.164629564687078e-05,1.4670030785574844e-05,0.00014919533194707974,9.844183900245948e-05
124,1924,8.274437797289075e-06,1.7994360730101888e-05,0.00027347460854798555,8.167433199040326e-05,0.00015433185243247344,8.134193402448935e-05,1.492468891228782e-05,0.00015294475555752536,9.812012124906948e-05
125,1925,9.002458097841424e-06,1.823468638966525e-05,0.0002695943736138621,8.140925534202584e-05,0.0001561624022932457,8.140833649252142e-05,1.522406195623002e-05,0.00015497295784630945,9.825106650396265e-05
126,1926,9.815120522814271e-06,1.8475178876542486e-05,0.00026662065647542477,8.157207672151603e-05,0.0001583980504489903,8.161774063150265e-05,1.552133718567867e-05,0.000157280226371118,9.86625484041984e-05
127,1927,1.0605630320372126e-05,1.8477420391198912e-05,0.00026625877944752574,8.184671085993094e-05,0.0001619082863076723,8.170067303581163e-05,1.586317284818506e-05,0.00015864596934989095,9.941333032007345e-05
128,1928,1.1352454099064094e-05,1.846470825382442e-05,0.00025612640352587083,8.061757190651926e-05,0.00016404365929442326,8.082888650408546e-05,1.610112914412249e-05,0.00015761187699224268,9.814333621501907e-05
129,1929,1.2250031691759691e-05,1.8505049281105e-05,0.00025427468478613136,8.100894774543121e-05,0.00016832830442581326,8.177371429545539e-05,1.630307269806508e-05,0.00015841062122490257,9.885680326858295e-05
130,1930,1.342742416454712e-05,1.8365402086471606e-05,0.0002477179098475192,8.011804311536252e-05,0.00017155088218195097,8.185763311173235e-05,1.6496844961823497e-05,0.0001561556107065241,9.821121877199142e-05
131,1931,1.402910895974076e-05,1.8406544248656636e-05,0.0002497390918766281,8.11929120183257e-05,0.00017519065918999592,8.242555278619485e-05,1.653679672537172e-05,0.00015433761914859394,9.898228561918847e-05
132,1932,1.475827957619913e-05,1.8542119765438008e-05,0.0002503078347737236,8.211727773803952e-05,0.00017864921911885695,8.325365031071539e-05,1.6650542290465508e-05,0.00015443411289847324,9.98391295589889e-05
133,1933,1.582426401520414e-05,1.8580031922153595e-05,0.00025018870032259395,8.225997901588147e-05,0.00018294937243419035,8.372633497596585e-05,1.666784607680581e-05,0.00015239869285973588,0.00010032440270281638
134,1934,1.655393420410941e-05,1.870741964791835e-05,0.00024951012788473496,8.268549884503175e-05,0.0001857635860298095,8.432062272082217e-05,1.669801973288746e-05,0.00015185140572222217,0.00010076132684844198
135,1935,1.7492984495350227e-05,1.8871425969077143e-05,0.00025195404928776303,8.359176510046902e-05,0.0001893937899564792,8.607939318088549e-05,1.6884494471014477e-05,0.0001499323490341859,0.00010177503143690307
136,1936,1.7922812860758442e-05,1.888494885601436e-05,0.00025575669340988886,8.412278527560244e-05,0.00019219074290179248,8.602918699450259e-05,1.689354576228652e-05,0.000146532994611854,0.00010229171383408746
137,1937,1.7993018575777698e-05,1.901697890259259e-05,0.0002608107918474291,8.519952202082745e-05,0.00019437597282896086,8.613863506720268e-05,1.6911826865647788e-05,0.00014527089868871762,0.00010321470559964446
138,1938,1.8632828089591514e-05,1.891754774468219e-05,0.00026266445222842904,8.45830311716002e-05,0.00019670827688449726,8.556189381384424e-05,1.70274922441292e-05,0.0001434395754975932,0.00010344188720929587
139,1939,1.9042335874733647e-05,1.8745741077249738e-05,0.00026723649768557934,8.463712791646165e-05,0.00019931252297413136,8.53745119197161e-05,1.7105443735740016e-05,0.00014043909322936088,0.00010398665930162159
140,1940,1.885654585618925e-05,1.8562444633321968e-05,0.0002752545863456492,8.516952220816165e-05,0.00019939530674102052,8.493916435067408e-05,1.7130219670694453e-05,0.00013795913920538233,0.00010465836612638668
141,1941,1.924039835492814e-05,1.8488662525279714e-05,0.00028384434491662044,8.596391853643581e-05,0.00020077536048899804,8.49059475253203e-05,1.7316803288330057e-05,0.0001331634391265522,0.00010546235934530808
142,1942,1.925130033799048e-05,1.8414764781482518e-05,0.0002946089953184128,8.789315844686436e-05,0.000201118690061516,8.418324328626372e-05,1.7440173646069263e-05,0.00013048685338747288,0.00010667464740825899
143,1943,1.935562067956198e-05,1.8512901598504478e-05,0.00030138927312301736,8.908157490493198e-05,0.00020053300249855965,8.489736293475809e-05,1.7877291091800934e-05,0.00013057166610711386,0.00010777733661728104
144,1944,2.0040691846848597e-05,1.8763888095106396e-05,0.0003077347979082593,9.075601805566944e-05,0.00020174780053951378,8.649299395204122e-05,1.835345678305852e-05,0.00013092900293746164,0.00010935233126474486
145,1945,2.093244360626808e-05,1.90362791597311e-05,0.00031290861079469323,9.315691880016987e-05,0.00020355337099837407,8.803032376038442e-05,1.8917628299927207e-05,0.00013228914342887168,0.00011110308985605246
146,1946,2.1537986218131016e-05,1.9214649780354064e-05,0.00030870642928805737,9.312582343617188e-05,0.00020615592075046152,8.908954415736454e-05,1.941768018046527e-05,0.000133927894889244,0.00011139699108753122
147,1947,2.1877475644162458e-05,1.964937759372073e-05,0.0003035616578667292,9.380335645151458e-05,0.0002094239690839978,9.170873714278318e-05,2.021780346694868e-05,0.0001356991269858554,0.000111992688029464
148,1948,2.1871938640418064e-05,1.983053984336688e-05,0.0003034857841807285,9.477082910182486e-05,0.00021145709823550924,9.378887833528487e-05,2.0730190434343448e-05,0.00013739731470455548,0.00011291657168450392
149,1949,2.265863050914569e-05,2.041528387053404e-05,0.0002992201812698373,9.486886119702831e-05,0.0002129714682398896,9.670233391391645e-05,2.1347086918207685e-05,0.00013939534879422614,0.00011344739933909814
150,1950,2.3514095248953837e-05,2.078955783092949e-05,0.00029566532716022005,9.571506234351546e-05,0.00021673584706149995,9.925023498778631e-05,2.2103237435138518e-05,0.00013995472233675952,0.0001142160105506004
151,1951,2.3937217650070253e-05,2.0950138995041406e-05,0.00029187771724537015,9.630317591862487e-05,0.00021874156872010126,0.00010046750789375178,2.290948214067612e-05,0.00014121683281181113,0.00011455045517193087
152,1952,2.4887131855523747e-05,2.115945192469683e-05,0.0002903244666023446,9.73971452497478e-05,0.0002189594046545348,0.00010223895099313398,2.370383299421519e-05,0.0001427603586177741,0.00011517884286149638
153,1953,2.6268727586804224e-05,2.15782477295891e-05,0.0002939173344722284,0.0001004250516416505,0.0002193369374643745,0.00010488312649873219,2.4841596833929153e-05,0.00014331785704208805,0.00011682110990867451
154,1954,2.8462149982390527e-05,2.1740489371170823e-05,0.00029492087196558714,0.00010201032481355859,0.0002197481829041083,0.00010548507166926615,2.5610413233932506e-05,0.00014451232605746815,0.00011781122874968526
155,1955,3.0690252190522316e-05,2.2135054678074084e-05,0.00028947204035440724,0.0001026379457990905,0.00022133394252575402,0.00010722555868726756,2.6788970769432906e-05,0.00014376806627426828,0.0001180064789098521
156,1956,3.256907075410709e-05,2.2178296993453322e-05,0.00028548432497440705,0.00010340496165943997,0.00022392613339304392,0.00010822579601413704,2.81637221632991e-05,0.00014447087596636266,0.00011855289773978128
157,1957,3.5294595883377565e-05,2.2445830576803667e-05,0.00027902967329802256,0.00010283029925111415,0.00022463351030767496,0.00010951179553688104,2.932097309634888e-05,0.0001445955048049135,0.00011845777284439203
158,1958,3.8560735577318284e-05,2.2886873921379447e-05,0.00027428759910565404,0.00010232352152732866,0.0002254732493643782,0.00011205535598232277,3.032105321056276e-05,0.00014133248935520117,0.00011840510975551817
159,1959,4.070365840951646e-05,2.3236862814103786e-05,0.00026671290522374747,0.00010061385026866836,0.00022599575043256794,0.00011426226306606882,3.1641898853454874e-05,0.0001385261379514954,0.00011771166587745289
160,1960,4.469210658239068e-05,2.359552750671615e-05,0.0002582895581976378,9.84753475807208e-05,0.00022603045259269753,0.00011594671377679333,3.2639936502424204e-05,0.0001373552388810952,0.00011712811020255946
161,1961,4.7552594748724785e-05,2.4017945179366507e-05,0.00025024472103853313,9.645825152152352e-05,0.00022775889166431234,0.00011868605257144996,3.397248604284998e-05,0.00013571227775953178,0.0001168004025657865
162,1962,5.117744305087919e-05,2.4359772526492763e-05,0.0002440302840633584,9.547732146789453e-05,0.00022766217547801456,0.00012014403806201049,3.483627161975684e-05,0.00013626242330896536,0.00011674371619717152
163,1963,5.5189700755623304e-05,2.4814729321016265e-05,0.0002404538099654019,9.480148998721103e-05,0.00022710554808976928,0.00012212965832856883,3.585711757685723e-05,0.00013529042605244155,0.00011695531000961117
164,1964,5.9019754969215554e-05,2.5139823264908046e-05,0.00023984618850850632,9.567534496974466e-05,0.0002269798195421962,0.0001242863093336512,3.666734846774489e-05,0.000135253241751343,0.00011785847885091372
165,1965,6.322000003170356e-05,2.547277628244566e-05,0.0002384317880828998,9.579895309538447e-05,0.00022660080035815814,0.00012634874604243253,3.75733148497862e-05,0.00013749899309394614,0.00011886817147959456
166,1966,6.726966135569714e-05,2.57829360634787e-05,0.00023941175355243364,9.709254767845518e-05,0.00022631312770369862,0.00012793596293444613,3.819665809195223e-05,0.00014020865949402963,0.0001202764133592739
167,1967,7.008640022831969e-05,2.607324131531641e-05,0.00024064027612829314,9.865317302423396e-05,0.0002273145177501387,0.0001296487233568249,3.880130628073987e-05,0.00014261958131100982,0.00012172965242435957
168,1968,7.34014216245019e-05,2.62753099897444e-05,0.0002405269437336496,9.97108467605098e-05,0.00022740670829080045,0.00013081863705467965,3.9251520710032696e-05,0.00014679576686051275,0.00012302339437805391
169,1969,7.613842171849683e-05,2.648167069959787e-05,0.0002412413346714207,0.00010014807360546132,0.00022962316247035882,0.0001325282043710883,4.0036849116274554e-05,0.00015142539216737662,0.0001247028886025094
170,1970,7.817297280001055e-05,2.64351671960737e-05,0.0002412145071762747,0.00010014453229294824,0.00023228805262728462,0.000134106315921859,4.0502989577362314e-05,0.00015368748115309115,0.00012581900234311306
171,1971,7.916159977737282e-05,2.6511071804894266e-05,0.00024134493807131157,9.967204823624343e-05,0.0002353315337261717,0.00013518955633376857,4.1386072552995756e-05,0.00015571602853015065,0.0001267891061291136
172,1972,7.909815966351224e-05,2.642457911861129e-05,0.00024093528918456286,9.974772131369849e-05,0.0002385728377183633,0.00013521732554571436,4.2214813999765154e-05,0.00015719338885641525,0.00012742551442508038
173,1973,7.822268837896575e-05,2.642595401474474e-05,0.00023813436356639222,9.862524166237563e-05,0.00024421620349000605,0.00013612122815434953,4.2980547732440755e-05,0.00015900489233899862,0.00012796638991728417
174,1974,7.705920766706445e-05,2.6515153357260196e-05,0.00023594198241231164,9.756312439484256e-05,0.00024784463624070795,0.00013665835597618883,4.398293874276403e-05,0.00015931706210332259,0.0001281103076118078
175,1975,7.67351157264784e-05,2.6769145863779287e-05,0.00023467659775633365,9.706051163707993e-05,0.0002506084503173562,0.00013757096894551069,4.499074306555225e-05,0.00016104194842877666,0.00012868168521760839
176,1976,7.51046318328008e-05,2.6969676192883136e-05,0.00023352089088543186,9.634797606850043e-05,0.00025134986624055145,0.00013790456952327595,4.5764921066750374e-05,0.00016011098133666174,0.00012838418914335695
177,1977,7.304386859427073e-05,2.7398014935897663e-05,0.0002329243829340807,9.590458129033712e-05,0.0002519698838503765,0.00013861150780160512,4.6774027785951535e-05,0.00016048133173691376,0.00012838844986617914
178,1978,7.06750901632144e-05,2.7778152538563256e-05,0.000230099621278766,9.471106438598196e-05,0.0002550602325105241,0.00013889526183317815,4.733956978140798e-05,0.00016055522428359836,0.00012813927709690427
179,1979,6.79237829379937e-05,2.8401420162741226e-05,0.00022888717441154377,9.374568513261952e-05,0.0002536847584581535,0.00013998226495459676,4.782994489817481e-05,0.00016204467517257269,0.00012781246326604948
180,1980,6.526488297302941e-05,2.903819066497298e-05,0.0002284827018489263,9.297631082258054e-05,0.00025053944929303337,0.00014096147580338375,4.850215139283266e-05,0.0001622070454426908,0.00012724652603018124
181,1981,6.1992924851698e-05,2.9749440727755427e-05,0.00023021401596322124,9.211907204839267e-05,0.00024797117969553383,0.0001418425443781806,4.9018842608867476e-05,0.00016247032077184746,0.0001269222926306871
182,1982,5.731686490305167e-05,3.0346410962270704e-05,0.00023111039107399329,9.115578307371055e-05,0.00024391366917240833,0.00014256284547237947,4.938711520350937e-05,0.00016147804438203041,0.00012590889053041922
183,1983,5.387418163341603e-05,3.122180195142781e-05,0.0002335227805555665,9.074334021923798e-05,0.0002415161725366488,0.0001446684535559533,5.002066245651804e-05,0.0001612977627831112,0.00012585814446148494
184,1984,5.0632795526845644e-05,3.193469014409597e-05,0.00023475075639518245,9.022422974729645e-05,0.0002387157770239615,0.00014627040738040314,5.0091494423603376e-05,0.0001637582151618387,0.0001257972957254034
185,1985,4.83937375455363e-05,3.283352478839723e-05,0.00023942413099575788,9.050828936908926e-05,0.00023242218178763454,0.00014767100219614804,5.036921564689172e-05,0.00016645227567226226,0.00012600929475021467
186,1986,4.6653269237140194e-05,3.35151915870873e-05,0.00024261452407310053,9.035364096884482e-05,0.00023006416449788958,0.00014849657808164402,5.045093920281423e-05,0.00016824323392938823,0.0001262989426972386
187,1987,4.6255995195159425e-05,3.434504417652663e-05,0.00024660705613704134,9.05551080774915e-05,0.0002272917772643268,0.00014956182193210616,5.064830163194399e-05,0.000170327554639828,0.00012694908238180297
188,1988,4.6168557933664746e-05,3.5145629226462916e-05,0.0002495899285090023,9.096941877422588e-05,0.00022532753895835152,0.00015152762145070092,5.070915514287273e-05,0.00017264720476565084,0.0001277606318451165
189,1989,4.709827512020378e-05,3.635462053352967e-05,0.0002548071663893227,9.187614445441536e-05,0.0002250028129700305,0.00015400452165132656,5.107036901920635e-05,0.0001741419899709789,0.0001292944875136267
190,1990,4.862080459133722e-05,3.750841642613523e-05,0.0002572476223576814,9.195334964065946e-05,0.00022348075747556453,0.000156554819633519,5.1312020722044895e-05,0.00017700102554434643,0.000130459852048911
191,1991,4.965429824161609e-05,3.914855135787677e-05,0.0002619711449369788,9.265578721949299e-05,0.00022290672807555114,0.00015808663322656815,5.157711608002761e-05,0.000177772857049214,0.0001317216395234157
192,1992,5.004961764955494e-05,4.065242267513115e-05,0.000264093088584819,9.283249112611105e-05,0.0002236884507250839,0.00016008667963823036,5.1601843941690663e-05,0.00017963789910676757,0.0001328303116809236
193,1993,5.0404547697066194e-05,4.2184719599650376e-05,0.00026935140236413905,9.436760384622695e-05,0.0002235897450840899,0.00016350077515068864,5.2053312953960684e-05,0.0001823363418225199,0.0001347235560647927
194,1994,5.03856863360852e-05,4.4273304021252056e-05,0.0002752550145877259,9.606175652671871e-05,0.00022584013017227074,0.00016633641540205905,5.2457986644835076e-05,0.0001867491311194109,0.0001371699281012947
195,1995,5.023114135838114e-05,4.6213497366157495e-05,0.0002801461170227932,9.754813384331231e-05,0.00022683137961264168,0.00016839445327475135,5.287966165009753e-05,0.00019163140677846968,0.00013923447386332555
196,1996,4.9675764915134225e-05,4.820299000130035e-05,0.00028627705510838756,9.960149743294875e-05,0.0002275340791259493,0.000170514642377384,5.302465589401046e-05,0.00019739854698335485,0.00014152865397980868
197,1997,4.833219489747924e-05,4.9542299426060966e-05,0.0003007952473126352,0.00010408283664479054,0.0002273458376294002,0.00017099386812852963,5.29378059062375e-05,0.00020073371290761446,0.00014434547535659346
198,1998,4.7396205315765527e-05,5.079199244002146e-05,0.00031398605538665185,0.0001081709550427539,0.00022662769021865512,0.0001723896192353485,5.29674616700504e-05,0.0002043750636013491,0.00014708813036382447
199,1999,4.673108144613382e-05,5.2214083033114935e-05,0.00033123199994276675,0.00011338905356491782,0.0002237778639287821,0.000173574683555801,5.331219030527531e-05,0.00020623971483603652,0.00015005883382660353
200,2000,4.632718784185792e-05,5.3626567803023916e-05,0.00034879378342468826,0.0001183239375157947,0.00022252176963125488,0.00017398564211492027,5.3357979985386396e-05,0.00020761058424665992,0.0001530684315704483
201,2001,4.582172966495689e-05,5.450183328191217e-05,0.00036536485172941217,0.00012344731762173718,0.00021905323748277233,0.00017527963999392732,5.313233434987653e-05,0.000207444467897793,0.00015550567650279845
202,2002,4.5647523490645525e-05,5.4947159826822046e-05,0.0003838614959801946,0.00012909852895453305,0.00021678830671589822,0.00017719940972580974,5.302223663810375e-05,0.0002068995963782072,0.00015843303221377676
203,2003,4.5419051665313805e-05,5.4668579001112706e-05,0.00039912482939793596,0.0001341337920166552,0.00021501778974197805,0.0001790501015161031,5.302429313555227e-05,0.00020459101610218307,0.00016062868157210426
204,2004,4.5166737046591674e-05,5.510873078102512e-05,0.00041027671042164523,0.00013829445690914457,0.00021416909294202924,0.00018119905559745218,5.307262576284951e-05,0.00020463406274627362,0.00016274018402587638
205,2005,4.518784096165161e-05,5.5319187855015374e-05,0.0004221682985579329,0.00014316739023862674,0.00021382866127948676,0.00018426737681563412,5.306453749653883e-05,0.00020518847616455917,0.00016527397117118068
206,2006,4.4561649701790884e-05,5.587099388191875e-05,0.0004407437934008028,0.0001510058043225269,0.00021225257660262287,0.00018769043422902802,5.2545138065137765e-05,0.00020730561144383891,0.0001689970002059584
207,2007,4.465150310092473e-05,5.761275367279138e-05,0.00045955198168355437,0.0001586281681998766,0.00021102124758596932,0.00019211748856053288,5.2799323644389263e-05,0.00021014046589178697,0.0001733153665424782
208,2008,4.4051264662162536e-05,5.883154777360947e-05,0.000485299903500293,0.00016802953073887954,0.00020824764422806247,0.00019597649640802826,5.2937019063392654e-05,0.00021048412392182008,0.000177982191287031
209,2009,4.304025839831281e-05,5.997260866154518e-05,0.0005019682409640934,0.00017432920036039183,0.00020431498082221618,0.00019853425536504283,5.347905036095264e-05,0.0002085342088581196,0.0001805216004738343
210,2010,4.251341930025124e-05,6.134605635972028e-05,0.0005201344569546304,0.00018182564859411547,0.0002004857295625178,0.00020181414479988495,5.377964875411375e-05,0.00020693240886820213,0.0001836039391491795
211,2011,4.2138396695788417e-05,6.265452351986564e-05,0.0005432009680329689,0.00019116914440279027,0.00019563472596928477,0.0002049123452577208,5.381193841458298e-05,0.0002072366021041359,0.0001875948305496422
212,2012,4.222284977523876e-05,6.356802103774888e-05,0.0005622820961954338,0.00019972056491366987,0.00019056397806187824,0.00020878692157566547,5.403135946835391e-05,0.00020573788788169622,0.00019086420986371065
213,2013,4.3685361431146574e-05,6.377159713468115e-05,0.0005696686317345925,0.0002039908930393202,0.0001883369924533846,0.00021332016539028182,5.502862664538303e-05,0.00020228104092114205,0.00019251041359374152
214,2014,4.363482678724852e-05,6.254130442227636e-05,0.0005766078746611518,0.00020883014284273877,0.00018369884180304195,0.0002151762746507302,5.5303256626107865e-05,0.00019718104366412654,0.00019287169568217775
215,2015,4.4486604955246935e-05,6.168881944696685e-05,0.0005702705488407186,0.00021009028465154449,0.000181949749406028,0.00021764663272603814,5.554992770027768e-05,0.00019346550314886763,0.00019189350885946105
216,2016,4.6033661679497785e-05,6.110677246137389e-05,0.0005741781372177814,0.0002155644095702363,0.00017978238715191504,0.00022095906440102096,5.5561593139178255e-05,0.0001930767424970067,0.00019328284601475128
217,2017,4.6734377368314504e-05,6.0916857667810596e-05,0.0005789475399069488,0.00021877600132332495,0.00017828180959137777,0.00022238350356929004,5.5540750812118254e-05,0.0001929206652372765,0.00019431268818455769
218,2018,4.758624127134681e-05,6.03133681579493e-05,0.0005737892235629261,0.00021910588548053057,0.00017832064477261156,0.000224981113569811,5.594017129624262e-05,0.00019021361076738686,0.0001937812823598506
219,2019,4.8191302084887866e-05,5.9926935136900283e-05,0.0005710585683118552,0.00021941498198430054,0.00017789813500712626,0.00022578431162401102,5.646843601425644e-05,0.00018823600112227723,0.00019337233391070185
