Year,GDP per capita,year,coll,indi,loose,tight,effort_care_vir,efficiency_care_vir,effort_care_vic,efficiency_care_vic,effort_fare_vir,efficiency_fare_vir,effort_fare_vic,efficiency_fare_vic,effort_loya_vir,efficiency_loya_vir,effort_loya_vic,efficiency_loya_vic,effort_auth_vir,efficiency_auth_vir,effort_auth_vic,efficiency_auth_vic,effort_sanc_vir,efficiency_sanc_vir,effort_sanc_vic,efficiency_sanc_vic,effort_care,effort_fare,effort_loya,effort_auth,effort_sanc,effort_virtue,effort_vice,effort_vir_vic_diff,efficiency_care,efficiency_fare,efficiency_loya,efficiency_auth,efficiency_sanc,efficiency_virtue,efficiency_vice,efficiency_vir_vic_diff
1950.0,799.0,1950.0,9.939277288140146e-05,0.0001142160105506,1.0316750647118172e-05,1.0259286173968414e-05,0.4162729382514953,0.064587578177452,-0.0321012772619724,0.0359381735324859,0.2830729186534881,-0.0513919964432716,-0.0434116311371326,-0.0075647346675395,0.4401182234287262,-0.0814743861556053,-0.0078142769634723,-0.3414526581764221,0.3089490830898285,-0.0518557578325271,-0.032444529235363,-0.130568727850914,0.4704382419586181,-0.0366987735033035,0.0857669189572334,0.0678721591830253,-0.0321012772619724,-0.0434116311371326,-0.0078142769634723,-0.032444529235363,0.0857669189572334,0.3837702810764313,-0.0060009591281414,0.3897712402045727,0.0359381735324859,-0.0075647346675395,-0.3414526581764221,-0.130568727850914,0.0678721591830253,-0.0313666671514511,-0.0751551575958728,0.0437884904444217
1951.0,950.0,1951.0,9.829157608010064e-05,0.0001145504551719,1.035189726590018e-05,1.0199626718941446e-05,0.4155548214912414,0.007332868874073,-0.1038983017206192,0.0564322769641876,0.3221833705902099,-0.0135070644319057,0.0389533936977386,0.0081040617078542,0.3781981468200683,0.0255083590745925,-0.0818514004349708,-0.2618681788444519,0.327045202255249,-0.0662334263324737,0.019219459965825,-0.125079721212387,0.4687366187572479,-0.0193751566112041,0.0801652297377586,0.0331543609499931,-0.1038983017206192,0.0389533936977386,-0.0818514004349708,0.019219459965825,0.0801652297377586,0.3823436319828033,-0.0094823237508535,0.3918259557336569,0.0564322769641876,0.0081040617078542,-0.2618681788444519,-0.125079721212387,0.0331543609499931,-0.0132548838853836,-0.0578514400869607,0.0445965562015771
1952.0,1047.0,1952.0,9.785959787222966e-05,0.0001151788428614,1.0452869503712364e-05,1.007192619845958e-05,0.4002550840377807,-0.0364855006337165,-0.0131630897521972,-0.0165193304419517,0.3202549517154693,-0.0749284103512764,-0.0017138868570327,-0.0582541301846504,0.3910099267959595,-0.1396129131317138,0.0635393038392067,-0.289379358291626,0.2876717448234558,-0.0935085266828537,-0.0015455409884452,-0.0992341041564941,0.5046073198318481,-0.1071386039257049,0.0933863446116447,0.0528601258993148,-0.0131630897521972,-0.0017138868570327,0.0635393038392067,-0.0015455409884452,0.0933863446116447,0.3807598054409027,0.0281006261706352,0.3526591792702674,-0.0165193304419517,-0.0582541301846504,-0.289379358291626,-0.0992341041564941,0.0528601258993148,-0.0903347909450531,-0.0821053594350814,-0.0082294315099716
1953.0,1157.0,1953.0,9.581100511013574e-05,0.0001168211099086,1.0540553031371647e-05,9.85661088017358e-06,0.3945362567901611,0.0177505183964967,0.0170064717531204,0.0213691294193267,0.275894284248352,-0.0745881199836731,0.0256794318556785,-0.0536760725080966,0.4020827114582062,-0.0264677032828331,-0.0283244512975215,-0.2804655730724334,0.2458430379629135,-0.1596536040306091,0.0132372323423624,-0.0514242127537727,0.4537233114242553,-0.0152716413140296,0.1440626084804535,-0.101814329624176,0.0170064717531204,0.0256794318556785,-0.0283244512975215,0.0132372323423624,0.1440626084804535,0.3544159203767776,0.0343322586268186,0.320083661749959,0.0213691294193267,-0.0536760725080966,-0.2804655730724334,-0.0514242127537727,-0.101814329624176,-0.0516461100429296,-0.0932022117078304,0.0415561016649007
1954.0,1049.0,1954.0,9.603495456238826e-05,0.0001178112287496,1.0612618524052142e-05,9.844590700985072e-06,0.356674462556839,-0.0264836773276329,-0.0150137767195701,-0.0511932000517845,0.2187898904085159,-0.096917800605297,0.0420814827084541,-0.0311520472168922,0.3861636817455292,-0.0760925561189651,0.1353313773870468,-0.2265637665987014,0.2518565654754638,-0.0834746286273002,-0.006908468902111,-0.1507570743560791,0.4294621348381042,-0.0351144932210445,0.1054401472210884,-0.122629165649414,-0.0150137767195701,0.0420814827084541,0.1353313773870468,-0.006908468902111,0.1054401472210884,0.3285893470048904,0.0521861523389816,0.2764031946659088,-0.0511932000517845,-0.0311520472168922,-0.2265637665987014,-0.1507570743560791,-0.122629165649414,-0.0636166311800479,-0.1164590507745742,0.0528424195945262
1955.0,1119.0,1955.0,9.481195491746673e-05,0.0001180064789098,1.0752199076186076e-05,9.754920549706216e-06,0.3650144636631012,-0.0481658279895782,-0.1211628913879394,-0.0551490820944309,0.2797698676586151,-0.1215084120631218,0.0876002237200737,-0.0181371681392192,0.4500163197517395,-0.179954707622528,-0.0295992568135261,-0.2381844520568847,0.2956298589706421,0.0024272687733173,0.034883014857769,-0.2952123880386352,0.5265235304832458,-0.0691985562443733,0.0640041083097457,-0.1106214672327041,-0.1211628913879394,0.0876002237200737,-0.0295992568135261,0.034883014857769,0.0640041083097457,0.3833908081054687,0.0071450397372245,0.3762457683682442,-0.0551490820944309,-0.0181371681392192,-0.2381844520568847,-0.2952123880386352,-0.1106214672327041,-0.0832800470292568,-0.1434609115123749,0.060180864483118
1956.0,1189.0,1956.0,9.399581010224468e-05,0.0001185528977397,1.0887997253958677e-05,9.707167398330188e-06,0.4436855912208557,-0.0135177597403526,0.026890330016613,-0.0310090705752372,0.2598259747028351,-0.048955999314785,0.1260252743959427,-0.0552958846092224,0.4636509418487549,-0.1319776624441146,0.0502695366740226,-0.2308889180421829,0.260145902633667,-0.1071471124887466,0.05509465187788,-0.1279413700103759,0.4371727705001831,-0.1017630696296691,0.1330555081367492,-0.0037000812590122,0.026890330016613,0.1260252743959427,0.0502695366740226,0.05509465187788,0.1330555081367492,0.3728962361812591,0.0782670602202415,0.2946291759610176,-0.0310090705752372,-0.0552958846092224,-0.2308889180421829,-0.1279413700103759,-0.0037000812590122,-0.0806723207235336,-0.0897670648992061,0.0090947441756725
1957.0,1195.0,1957.0,9.208284831174753e-05,0.0001184577728443,1.102649698172769e-05,9.679263257262555e-06,0.4314745664596557,-0.0253546983003616,0.0344455167651176,-0.0844384729862213,0.2905561029911041,-0.0113419350236654,0.0375772677361965,-0.0091448761522769,0.4193060994148254,-0.1056932210922241,-0.0473152548074722,-0.3275555968284607,0.2282118499279022,-0.1119637340307235,0.0722377151250839,-0.1869235187768936,0.370669960975647,-0.087012231349945,0.038454957306385,-0.0028621852397918,0.0344455167651176,0.0375772677361965,-0.0473152548074722,0.0722377151250839,0.038454957306385,0.3480437159538269,0.0270800404250621,0.3209636755287647,-0.0844384729862213,-0.0091448761522769,-0.3275555968284607,-0.1869235187768936,-0.0028621852397918,-0.0682731639593839,-0.1221849299967288,0.0539117660373449
1958.0,1173.0,1958.0,9.09031483696968e-05,0.0001184051097555,1.1265658653784674e-05,9.596602110560428e-06,0.2636134028434753,-0.0337023213505744,-0.0414559617638587,-0.1175082325935363,0.2236237823963165,-0.0623272061347961,0.1143614277243614,-0.0396496802568435,0.2851623296737671,-0.2385558187961578,0.03142661601305,-0.3157604038715362,0.2183597981929779,-0.1120486110448837,-0.111218050122261,-0.1661573648452758,0.428465873003006,-0.1191284209489822,-0.0305784717202186,-0.0368638411164283,-0.0414559617638587,0.1143614277243614,0.03142661601305,-0.111218050122261,-0.0305784717202186,0.2838450372219085,-0.0074928879737854,0.2913379251956939,-0.1175082325935363,-0.0396496802568435,-0.3157604038715362,-0.1661573648452758,-0.0368638411164283,-0.1131524756550788,-0.135187904536724,0.0220354288816451
1959.0,1117.0,1959.0,8.896555084447753e-05,0.0001177116658774,1.1424061036124132e-05,9.532920041164874e-06,0.2886895835399627,-0.0689819529652595,-0.0628503262996673,-0.1687565892934799,0.1946067661046981,-0.0716510340571403,0.0602774061262607,-0.0823399275541305,0.262249231338501,-0.208836480975151,0.0932862535119056,-0.1962321698665619,0.2657766938209533,-0.1525520980358123,-0.1043732091784477,-0.1439129114151001,0.2993387579917907,-0.1527978330850601,-0.0328180715441703,-0.0508653968572616,-0.0628503262996673,0.0602774061262607,0.0932862535119056,-0.1043732091784477,-0.0328180715441703,0.2621322065591812,-0.0092955894768238,0.271427796036005,-0.1687565892934799,-0.0823399275541305,-0.1962321698665619,-0.1439129114151001,-0.0508653968572616,-0.1309638798236846,-0.1284213989973068,-0.0025424808263778
1960.0,1057.0,1960.0,8.81553020073105e-05,0.0001171281102025,1.1589230475092136e-05,9.5512612883145e-06,0.3369746804237366,-0.0276481658220291,-0.0713250488042831,-0.1661962270736694,0.2349246442317962,-0.0659657195210456,-0.0356943607330322,-0.0892822667956352,0.2408002763986587,-0.1491514593362808,0.0001017032191157,-0.2966790795326233,0.2078121751546859,-0.0579614266753196,-0.09859299659729,-0.2037604749202728,0.405515193939209,-0.061994194984436,0.0348254963755607,0.0038673905655741,-0.0713250488042831,-0.0356943607330322,0.0001017032191157,-0.09859299659729,0.0348254963755607,0.2852053940296173,-0.0341370413079857,0.3193424353376031,-0.1661962270736694,-0.0892822667956352,-0.2966790795326233,-0.2037604749202728,0.0038673905655741,-0.0725441932678222,-0.1504101315513253,0.077865938283503
1961.0,874.0,1961.0,8.603396370939922e-05,0.0001168004025657,1.178456305495544e-05,9.450182063375222e-06,0.3799725770950317,0.064090259373188,-0.0688229724764823,-0.0895639806985855,0.2952462136745453,-0.032788798213005,0.0381915494799613,-0.0138720497488975,0.2954151034355163,-0.0205140635371208,-0.0004171468317508,-0.2870565354824066,0.1440105736255645,-0.0891075953841209,0.0379235967993736,-0.1767614036798477,0.4280273914337158,-0.0472052097320556,0.0643082931637764,-0.0560549050569534,-0.0688229724764823,0.0381915494799613,-0.0004171468317508,0.0379235967993736,0.0643082931637764,0.3085343718528747,0.0142366640269756,0.2942977078258991,-0.0895639806985855,-0.0138720497488975,-0.2870565354824066,-0.1767614036798477,-0.0560549050569534,-0.0251050814986228,-0.1246617749333381,0.0995566934347152
1962.0,926.0,1962.0,8.579425182883175e-05,0.0001167437161971,1.1938582726046216e-05,9.461533064479356e-06,0.3426828384399414,0.0422824323177337,0.0278322510421276,-0.0079120006412267,0.2781358361244201,0.0348008498549461,-0.0358652137219905,0.0272476449608802,0.301037460565567,-0.1062530055642128,0.0579333081841468,-0.1670106202363968,0.2422996610403061,0.081041969358921,0.0328010842204093,-0.1450816839933395,0.4217838048934936,0.0103660188615322,0.0480198711156845,-0.067483365535736,0.0278322510421276,-0.0358652137219905,0.0579333081841468,0.0328010842204093,0.0480198711156845,0.3171879202127456,0.0261442601680755,0.2910436600446701,-0.0079120006412267,0.0272476449608802,-0.1670106202363968,-0.1450816839933395,-0.067483365535736,0.012447652965784,-0.0720480050891637,0.0844956580549478
1963.0,1034.0,1963.0,8.480564685799306e-05,0.0001169553100096,1.2100899070779542e-05,9.414444087545754e-06,0.4002736210823059,0.0752437487244606,0.0333267077803611,0.0469316281378269,0.255851536989212,0.0451643243432045,0.0598735474050045,0.0352852791547775,0.3128662705421448,-0.1344459056854248,-0.0323104187846183,-0.2459567487239837,0.1473707109689712,-0.0258574169129133,0.0250762719660997,-0.0061198435723781,0.3001401424407959,-0.033395804464817,0.0440868511795997,0.034457191824913,0.0333267077803611,0.0598735474050045,-0.0323104187846183,0.0250762719660997,0.0440868511795997,0.283300456404686,0.0260105919092893,0.2572898644953966,0.0469316281378269,0.0352852791547775,-0.2459567487239837,-0.0061198435723781,0.034457191824913,-0.014658210799098,-0.0270804986357688,0.0124222878366708
1964.0,1152.0,1964.0,8.53358444926146e-05,0.0001178584788509,1.2296559454734655e-05,9.44761262157304e-06,0.3525584638118744,0.0616382732987403,-0.0527212135493755,-0.0292354300618171,0.2597592771053314,0.0621755495667457,-0.0605707615613937,0.12292942404747,0.317673772573471,-0.1520240306854248,0.0450025498867034,-0.1616535186767578,0.2379589676856994,-0.0015437109395861,-0.046845469623804,-0.1429341435432434,0.3484184145927429,-0.0295086801052093,0.0294634327292442,-0.0326996967196464,-0.0527212135493755,-0.0605707615613937,0.0450025498867034,-0.046845469623804,0.0294634327292442,0.3032737791538238,-0.0171342924237251,0.3204080715775489,-0.0292354300618171,0.12292942404747,-0.1616535186767578,-0.1429341435432434,-0.0326996967196464,-0.0118525197729468,-0.0487186729907989,0.0368661532178521
1965.0,1253.0,1965.0,8.498849171343992e-05,0.0001188681714795,1.24333379478671e-05,9.485454959141344e-06,0.3110756278038025,0.0509536787867546,-0.128043845295906,-0.1030137613415718,0.2143086493015289,0.0377385504543781,-0.0259481333196163,0.0247162356972694,0.2153097093105316,-0.2037834823131561,0.0901544988155365,-0.2740634679794311,0.1294229924678802,0.0777101144194603,-0.0527343042194843,-0.1839524507522583,0.2961185872554779,-0.1444195955991745,-0.0053124157711863,-0.1429719030857086,-0.128043845295906,-0.0259481333196163,0.0901544988155365,-0.0527343042194843,-0.0053124157711863,0.2332471132278442,-0.0243768399581313,0.2576239531859756,-0.1030137613415718,0.0247162356972694,-0.2740634679794311,-0.1839524507522583,-0.1429719030857086,-0.0363601468503475,-0.13585706949234,0.0994969226419925
1966.0,1261.0,1966.0,8.529866785725712e-05,0.0001202764133592,1.2615876132767076e-05,9.529019477838575e-06,0.3085399568080902,0.0850839167833328,-0.0367391481995582,0.0235066413879394,0.2533904016017914,0.1729715466499328,0.0040285885334014,0.0652912482619285,0.0995560958981514,-0.1496994495391845,-0.0228847302496433,-0.2423383593559265,0.1747339367866516,0.1212615743279457,-0.0264454539865255,-0.1611250340938568,0.3822447061538696,-0.0174213722348213,0.0709710717201232,-0.0649695917963981,-0.0367391481995582,0.0040285885334014,-0.0228847302496433,-0.0264454539865255,0.0709710717201232,0.2436930194497108,-0.0022139344364404,0.2459069538861513,0.0235066413879394,0.0652912482619285,-0.2423383593559265,-0.1611250340938568,-0.0649695917963981,0.0424392431974411,-0.0759270191192627,0.1183662623167038
1967.0,1237.0,1967.0,8.501925287873747e-05,0.0001217296524243,1.2802894887859696e-05,9.579365318757029e-06,0.2941638529300689,-0.1039322912693023,0.0010524094104766,0.020348347723484,0.2174718976020813,0.1169833987951278,0.14280666410923,0.1044341698288917,0.1288296282291412,-0.0556593686342239,-0.0931215807795524,-0.1974231302738189,0.1906474828720092,0.1016350984573364,-0.0558166429400444,-0.1984676420688629,0.3741235435009002,-0.112121358513832,0.0451498180627822,-0.0193011164665222,0.0010524094104766,0.14280666410923,-0.0931215807795524,-0.0558166429400444,0.0451498180627822,0.2410472810268402,0.0080141335725784,0.2330331474542617,0.020348347723484,0.1044341698288917,-0.1974231302738189,-0.1984676420688629,-0.0193011164665222,-0.0106189042329788,-0.0580818742513656,0.0474629700183868
1968.0,1178.0,1968.0,8.562764736552708e-05,0.000123023394378,1.2995230320017592e-05,9.726758960328291e-06,0.2787396013736725,-0.0560718923807144,0.0381574295461177,0.0761782377958297,0.3845266997814178,0.0587447732686996,0.1331675797700882,0.1635177731513977,0.1780200898647308,-0.0487394258379936,-0.0374726429581642,-0.1236225813627243,0.1221833378076553,0.0368631295859813,-0.0527951605618,-0.1155593618750572,0.4884697794914245,-0.0678933635354042,0.0107029248028993,0.0229266416281461,0.0381574295461177,0.1331675797700882,-0.0374726429581642,-0.0527951605618,0.0107029248028993,0.2903879016637802,0.0183520261198282,0.272035875543952,0.0761782377958297,0.1635177731513977,-0.1236225813627243,-0.1155593618750572,0.0229266416281461,-0.0154193557798862,0.0046881418675184,-0.0201074976474046
1969.0,1264.0,1969.0,8.455759075332026e-05,0.0001247028886025,1.3170035961963218e-05,9.828415154191005e-06,0.1955368667840957,-0.0643414556980133,-0.0198158510029315,0.0191508699208498,0.1336605846881866,0.0307916812598705,-0.0963939949870109,0.104151152074337,0.199716106057167,-0.0444769337773323,-0.0289446860551834,-0.2302416712045669,-0.1363362371921539,0.1078335493803024,-0.1790543496608734,-0.1619062423706054,0.4503206014633178,-0.0828632935881614,-0.0639103576540947,-0.0301789846271276,-0.0198158510029315,-0.0963939949870109,-0.0289446860551834,-0.1790543496608734,-0.0639103576540947,0.1685795843601227,-0.0776238478720188,0.2462034322321415,0.0191508699208498,0.104151152074337,-0.2302416712045669,-0.1619062423706054,-0.0301789846271276,-0.0106112904846668,-0.0598049752414226,0.0491936847567558
1970.0,1398.0,1970.0,8.442318235373543e-05,0.0001258190023431,1.335161732436339e-05,9.997775982079865e-06,0.2456021159887313,-0.0254578441381454,-0.0132410088554024,-0.0399660356342792,0.1713646650314331,-0.0081331860274076,-0.1695308983325958,0.0163527950644493,0.1190056875348091,-0.1850751936435699,-0.0949369519948959,-0.2928551435470581,-4.985928535461426e-05,-0.043498795479536,-0.1807990670204162,-0.0743911042809486,0.4220685362815857,-0.1641745865345001,-0.0797699689865112,-0.0665248259902,-0.0132410088554024,-0.1695308983325958,-0.0949369519948959,-0.1807990670204162,-0.0797699689865112,0.1915982291102409,-0.1076555790379643,0.2992538081482053,-0.0399660356342792,0.0163527950644493,-0.2928551435470581,-0.0743911042809486,-0.0665248259902,-0.0852679211646318,-0.0914768628776073,0.0062089417129754
1971.0,1446.0,1971.0,8.286411455823586e-05,0.0001267891061291,1.3511535787590662e-05,1.009776367583624e-05,0.2501044571399688,0.0258972495794296,-0.0367660224437713,0.0399321764707565,0.2581230700016022,-0.0163149833679199,-0.212765485048294,-0.0475661642849445,0.1509043127298355,-0.1828350722789764,-0.049092099070549,-0.2814063131809234,0.0213024765253067,0.0131643936038017,-0.1604456603527069,-0.091322973370552,0.417459100484848,-0.1235930770635604,-0.0937962457537651,-0.0502227358520031,-0.0367660224437713,-0.212765485048294,-0.049092099070549,-0.1604456603527069,-0.0937962457537651,0.2195786833763122,-0.1105731025338172,0.3301517859101295,0.0399321764707565,-0.0475661642849445,-0.2814063131809234,-0.091322973370552,-0.0502227358520031,-0.0567362979054451,-0.0861172020435333,0.0293809041380882
1972.0,1431.0,1972.0,8.193500882823302e-05,0.000127425514425,1.368067651769429e-05,1.0235611120533252e-05,0.2452467679977417,0.0049633048474788,-0.0759330093860626,0.0052819717675447,0.2344008088111877,-0.0369570590555667,-0.0943335592746734,-0.0361771211028099,0.1209560185670852,-0.1762095242738723,0.0267491526901721,-0.1588868796825409,0.1459938883781433,-0.0619112998247146,0.0196949001401662,0.0010146275162696,0.3983861207962036,-0.1370977461338043,0.0650521069765091,-0.0121764931827783,-0.0759330093860626,-0.0943335592746734,0.0267491526901721,0.0196949001401662,0.0650521069765091,0.2289967209100723,-0.0117540817707777,0.24075080268085,0.0052819717675447,-0.0361771211028099,-0.1588868796825409,0.0010146275162696,-0.0121764931827783,-0.0814424648880958,-0.0401887789368629,-0.0412536859512329
1973.0,1513.0,1973.0,8.076980821312774e-05,0.0001279663899172,1.3823712629358018e-05,1.038757211456901e-05,0.3187639117240906,0.094032697379589,0.0814003124833107,0.1068669259548187,0.2940922081470489,0.0589946135878562,0.0469490140676498,0.0915817618370056,0.1573143750429153,-0.1911257654428482,0.004344142973423,-0.042762067168951,0.127256691455841,-0.0009766668081283,-0.0465856678783893,0.0153144150972366,0.3673693537712097,-0.1062192395329475,0.090598426759243,0.086665466427803,0.0814003124833107,0.0469490140676498,0.004344142973423,-0.0465856678783893,0.090598426759243,0.2529593080282211,0.0353412456810474,0.2176180623471737,0.1068669259548187,0.0915817618370056,-0.042762067168951,0.0153144150972366,0.086665466427803,-0.0290588721632957,0.0515333004295825,-0.0805921725928783
1974.0,1519.0,1974.0,7.979117732150242e-05,0.0001281103076118,1.400005698699818e-05,1.0479197978189145e-05,0.2827047705650329,0.0778151899576187,-0.075171984732151,0.0359546393156051,0.2955650985240936,0.0927178710699081,-0.0084373336285352,0.080354630947113,0.200917363166809,-0.1501250714063644,-0.1759159713983535,-0.2742917537689209,0.0549139976501464,-0.1518821120262146,-0.0126796700060367,-0.0076834037899971,0.3467134833335876,-0.0762152597308158,-0.0644796565175056,-0.0367381274700164,-0.075171984732151,-0.0084373336285352,-0.1759159713983535,-0.0126796700060367,-0.0644796565175056,0.2361629426479339,-0.0673369232565164,0.3034998659044504,0.0359546393156051,0.080354630947113,-0.2742917537689209,-0.0076834037899971,-0.0367381274700164,-0.0415378764271736,-0.0404808029532432,-0.0010570734739303
1975.0,1594.0,1975.0,7.815466822031728e-05,0.0001286816852176,1.416000673123022e-05,1.0517864484630276e-05,0.235172837972641,0.0681176632642746,-0.0178382378071546,0.0746644884347915,0.1644705235958099,0.0870358869433403,-0.1244572401046752,0.0676023736596107,0.1118760183453559,-0.1298808306455612,0.034421257674694,-0.2160681784152984,0.1345192939043045,0.0835725367069244,0.021679800003767,-0.0227379482239484,0.3846243023872375,-0.1004666239023208,-0.0165379457175731,0.0246764980256557,-0.0178382378071546,-0.1244572401046752,0.034421257674694,0.021679800003767,-0.0165379457175731,0.2061325952410698,-0.0205464731901884,0.2266790684312582,0.0746644884347915,0.0676023736596107,-0.2160681784152984,-0.0227379482239484,0.0246764980256557,0.0016757264733314,-0.0143725533038377,0.0160482797771692
1976.0,1519.0,1976.0,7.731436854133529e-05,0.0001283841891433,1.4347501620332836e-05,1.05368385831639e-05,0.2804697751998901,0.0687504410743713,-0.1327442824840545,0.0843344181776046,0.2561280727386474,0.1108089685440063,-0.0915984064340591,0.2389340102672577,0.2326554656028747,-0.1285215318202972,-0.0886461809277534,-0.1556104719638824,0.0131591502577066,0.1448318064212799,-0.1606357991695404,-0.1284281313419342,0.448667049407959,0.0590744614601135,-0.1210376843810081,0.0090613607317209,-0.1327442824840545,-0.0915984064340591,-0.0886461809277534,-0.1606357991695404,-0.1210376843810081,0.2462159026414156,-0.1189324706792831,0.3651483733206987,0.0843344181776046,0.2389340102672577,-0.1556104719638824,-0.1284281313419342,0.0090613607317209,0.0509888291358947,0.0096582371741533,0.0413305919617414
1977.0,1583.0,1977.0,7.549732055979672e-05,0.0001283884498661,1.4545423336235052e-05,1.0466034147782464e-05,0.1964254081249237,0.0610608719289302,-0.028202686458826,-0.0361119583249092,0.221203401684761,0.1001234650611877,-0.0830628871917724,0.0823821127414703,0.1986995935440063,-0.1902786195278167,-0.0473740994930267,-0.2434383332729339,0.1146837249398231,0.050231821835041,-0.1305965930223465,-0.0245903357863426,0.4856963753700256,-0.0129638686776161,0.0485566034913063,0.0310591738671064,-0.028202686458826,-0.0830628871917724,-0.0473740994930267,-0.1305965930223465,0.0485566034913063,0.2433417007327079,-0.048135932534933,0.2914776332676411,-0.0361119583249092,0.0823821127414703,-0.2434383332729339,-0.0245903357863426,0.0310591738671064,0.0016347341239452,-0.0381398681551218,0.039774602279067
1978.0,1744.0,1978.0,7.444612300235218e-05,0.0001281392770969,1.469281745577002e-05,1.0416247717362888e-05,0.2996775805950165,0.0917484387755394,-0.0247679874300956,-0.1055849641561508,0.2166943550109863,0.0754116028547287,0.0830378606915474,0.0745410621166229,0.2247339189052581,-0.1621129810810089,0.0127249024808406,-0.2471061199903488,0.107509396970272,0.0476868227124214,0.0231116265058517,0.0401155389845371,0.402444452047348,-0.0879808813333511,0.0874659791588783,0.0078369826078414,-0.0247679874300956,0.0830378606915474,0.0127249024808406,0.0231116265058517,0.0874659791588783,0.2502119407057762,0.0363144762814044,0.2138974644243717,-0.1055849641561508,0.0745410621166229,-0.2471061199903488,0.0401155389845371,0.0078369826078414,-0.0070493996143341,-0.0460395000874996,0.0389901004731655
1979.0,1859.0,1979.0,7.285708596376545e-05,0.000127812463266,1.4840704744177394e-05,1.0359497361735391e-05,0.2805765271186828,0.0857911109924316,-0.0212350264191627,-0.0728381127119064,0.1922289431095123,0.0363278985023498,0.0423595085740089,0.0465747900307178,0.2996018528938293,-0.2053861618041992,-0.0201118029654026,-0.3277181982994079,0.1405121088027954,-0.0374546088278293,-0.0001372024416923,-0.0995860025286674,0.3809811174869537,-0.1075888276100158,0.122827410697937,-0.0935290083289146,-0.0212350264191627,0.0423595085740089,-0.0201118029654026,-0.0001372024416923,0.122827410697937,0.2587801098823547,0.0247405774891376,0.234039532393217,-0.0728381127119064,0.0465747900307178,-0.3277181982994079,-0.0995860025286674,-0.0935290083289146,-0.0456621177494525,-0.1094193063676357,0.0637571886181831
1980.0,1930.0,1980.0,7.141976629603569e-05,0.0001272465260301,1.5048888345417906e-05,1.027453948105566e-05,0.3149499595165252,0.075688749551773,-0.0128798577934503,-0.0519345551729202,0.2576671838760376,0.0532847940921783,0.0969358310103416,0.0414411686360836,0.3485419750213623,-0.2106556594371795,0.0247644893825054,-0.1958940327167511,0.1799503415822982,0.0275069177150726,0.026659894734621,-0.112369567155838,0.421563982963562,-0.0435389354825019,0.0677475258708,-0.0481263548135757,-0.0128798577934503,0.0969358310103416,0.0247644893825054,0.026659894734621,0.0677475258708,0.3045346885919571,0.0406455766409635,0.2638891119509935,-0.0519345551729202,0.0414411686360836,-0.1958940327167511,-0.112369567155838,-0.0481263548135757,-0.0195428267121315,-0.0733766682446002,0.0538338415324687
1981.0,1962.0,1981.0,6.96402565227215e-05,0.0001269222926306,1.5198186822331018e-05,1.015719418770037e-05,0.2964946925640106,0.0541674569249153,0.0460711307823658,-0.0583535619080066,0.2605904340744018,0.0645344704389572,0.0408891476690769,0.0386736616492271,0.3522122800350189,-0.1771691292524337,0.0733555108308792,-0.2178108990192413,0.2558150887489319,0.044632215052843,0.0172989815473556,-0.1512505263090133,0.4600641429424286,-0.0393114238977432,0.0873873680830001,-0.0021197069436311,0.0460711307823658,0.0408891476690769,0.0733555108308792,0.0172989815473556,0.0873873680830001,0.3250353276729584,0.0530004277825355,0.2720348998904228,-0.0583535619080066,0.0386736616492271,-0.2178108990192413,-0.1512505263090133,-0.0021197069436311,-0.0106292821466922,-0.078172206506133,0.0675429243594408
1982.0,2128.0,1982.0,6.844663937093693e-05,0.0001259088905304,1.532180532817229e-05,1.0099207710011018e-05,0.3616203069686889,0.059334173798561,0.0338673181831836,-0.094393789768219,0.2975372076034546,0.0688796192407608,0.0952744707465171,0.0367281436920166,0.407776802778244,-0.2161352336406707,0.0388117432594299,-0.3229763507843017,0.2463526874780655,0.0442572645843029,0.0295422077178955,-0.0414772294461727,0.4129746556282043,-0.0800320953130722,0.0982443764805793,0.0588579848408699,0.0338673181831836,0.0952744707465171,0.0388117432594299,0.0295422077178955,0.0982443764805793,0.3452523320913315,0.0591480232775211,0.2861043088138104,-0.094393789768219,0.0367281436920166,-0.3229763507843017,-0.0414772294461727,0.0588579848408699,-0.0247392542660236,-0.0726522482931613,0.0479129940271377
1983.0,2227.0,1983.0,6.68140124722478e-05,0.0001258581444614,1.5525082236966807e-05,1.0024479463563044e-05,0.3183567821979522,0.1213407292962074,0.0542824156582355,-0.0361786969006061,0.2799650430679321,0.0946961045265197,0.0835976302623748,0.0130137745290994,0.3601821959018707,-0.1578564494848251,0.084280751645565,-0.2874391973018646,0.2323397696018219,0.0980687513947486,0.0386163368821144,-0.0615778714418411,0.4672149419784546,-0.0277364216744899,0.0761591792106628,0.0350094363093376,0.0542824156582355,0.0835976302623748,0.084280751645565,0.0386163368821144,0.0761591792106628,0.3316117465496063,0.0673872627317905,0.2642244838178158,-0.0361786969006061,0.0130137745290994,-0.2874391973018646,-0.0615778714418411,0.0350094363093376,0.0257025428116321,-0.0674345109611749,0.0931370537728071
1984.0,2444.0,1984.0,6.622082158612232e-05,0.0001257972957254,1.5647033156152013e-05,1.00195230635742e-05,0.3239538371562958,0.1066080033779144,0.0469909757375717,-0.0281919836997985,0.2871407866477966,0.1192478239536285,0.0585028529167175,-0.0351759754121303,0.4134491682052612,-0.0640014857053756,0.1232338398694992,-0.2209804952144622,0.2638610303401947,0.1198162138462066,0.0618526451289653,-0.1120617315173149,0.4694018363952636,0.006101306527853,0.2155385613441467,0.0717640370130539,0.0469909757375717,0.0585028529167175,0.1232338398694992,0.0618526451289653,0.2155385613441467,0.3515613317489624,0.1012237749993801,0.2503375567495823,-0.0281919836997985,-0.0351759754121303,-0.2209804952144622,-0.1120617315173149,0.0717640370130539,0.0575543724000453,-0.0649292297661304,0.1224836021661758
1985.0,2619.0,1985.0,6.543313391002163e-05,0.0001260092947502,1.5858383640313503e-05,9.999009421944396e-06,0.2935331165790558,0.1363231390714645,0.0066596493124961,-0.0171731896698474,0.3100126981735229,0.1224745288491249,0.1672489792108535,0.0815487802028656,0.3989969491958618,-0.1059470474720001,0.105204090476036,-0.1385747045278549,0.3038114309310913,0.1084647178649902,0.1112388148903846,0.0774064064025878,0.4721425473690033,0.0244447421282529,0.1443572789430618,0.1126351952552795,0.0066596493124961,0.1672489792108535,0.105204090476036,0.1112388148903846,0.1443572789430618,0.355699348449707,0.1069417625665664,0.2487575858831405,-0.0171731896698474,0.0815487802028656,-0.1385747045278549,0.0774064064025878,0.1126351952552795,0.0571520160883665,0.0231684975326061,0.0339835185557603
1986.0,2748.0,1986.0,6.489507537058412e-05,0.0001262989426972,1.601408083596719e-05,9.909627742794264e-06,0.2924277484416961,0.1140509843826294,0.0254189372062683,-0.0254125855863094,0.2776572704315185,0.1152557730674743,0.0584832280874252,0.0749704614281654,0.4030312299728393,-0.1275718510150909,0.0939299091696739,-0.1363001763820648,0.2257029116153717,0.0675419121980667,0.0030380487442016,-0.0387144908308982,0.4164565205574035,-0.0059424713253974,0.0677970945835113,0.0237084403634071,0.0254189372062683,0.0584832280874252,0.0939299091696739,0.0030380487442016,0.0677970945835113,0.3230551362037658,0.049733443558216,0.2733216926455498,-0.0254125855863094,0.0749704614281654,-0.1363001763820648,-0.0387144908308982,0.0237084403634071,0.0326668694615364,-0.0203496702015399,0.0530165396630764
1987.0,2931.0,1987.0,6.444649870575501e-05,0.0001269490823818,1.6237788703286702e-05,9.861955827464696e-06,0.333809345960617,0.0859636962413787,0.0670409873127937,-0.0410419553518295,0.2857326865196228,0.1498937606811523,0.0997201949357986,0.0948363095521926,0.4306176006793976,-0.1122672334313392,0.0709464997053146,-0.3077696561813354,0.2659238874912262,0.0786506235599517,-0.0122286230325698,-0.1053463667631149,0.4472247958183288,0.0090850200504064,0.1429144740104675,0.0039529912173748,0.0670409873127937,0.0997201949357986,0.0709464997053146,-0.0122286230325698,0.1429144740104675,0.3526616632938385,0.0736787065863609,0.2789829567074776,-0.0410419553518295,0.0948363095521926,-0.3077696561813354,-0.1053463667631149,0.0039529912173748,0.04226517342031,-0.0710737355053424,0.1133389089256525
1988.0,3045.0,1988.0,6.445534956713216e-05,0.0001277606318451,1.6473313227414823e-05,9.886574259253068e-06,0.3822196722030639,0.1272088438272476,0.0568891689181327,-0.0088354796171188,0.3030745089054107,0.184113323688507,0.117169551551342,0.0935326442122459,0.4395402669906616,-0.1093517169356346,0.2033319771289825,-0.1689248383045196,0.3090283870697021,0.1603809893131256,0.0329502001404762,0.0199220664799213,0.4155235290527344,0.0671672075986862,0.1084636971354484,0.0908636599779129,0.0568891689181327,0.117169551551342,0.2033319771289825,0.0329502001404762,0.1084636971354484,0.3698772728443146,0.1037609189748764,0.2661163538694382,-0.0088354796171188,0.0935326442122459,-0.1689248383045196,0.0199220664799213,0.0908636599779129,0.0859037294983863,0.0053116105496883,0.080592118948698
1989.0,3022.0,1989.0,6.399010586782034e-05,0.0001292944875136,1.676021840149668e-05,9.852144423762508e-06,0.3430097103118896,0.1217275336384773,0.0474327355623245,-0.0417116396129131,0.2619044780731201,0.1955527663230896,0.0813712179660797,0.154348611831665,0.3881342709064483,-0.0770740881562233,0.0994242131710052,-0.224884882569313,0.241658329963684,0.1461145132780075,0.0724178105592727,-0.1426846981048584,0.3743043541908264,0.0521263591945171,0.1126494109630584,0.0088866166770458,0.0474327355623245,0.0813712179660797,0.0994242131710052,0.0724178105592727,0.1126494109630584,0.3218022286891937,0.0826590776443481,0.2391431510448455,-0.0417116396129131,0.154348611831665,-0.224884882569313,-0.1426846981048584,0.0088866166770458,0.0876894168555736,-0.0492091983556747,0.1368986152112484
1990.0,2982.0,1990.0,6.400733937133347e-05,0.0001304598520489,1.696145316085751e-05,9.81601012698872e-06,0.3319488167762756,0.0571882463991642,0.0294090658426284,-0.0575191937386989,0.2605455219745636,0.0715156644582748,0.0866084620356559,0.0817532241344451,0.3779863715171814,-0.1330970823764801,0.1931131780147552,-0.1652065962553024,0.2101188004016876,0.0454726740717887,0.123395137488842,-0.1099575981497764,0.42115119099617,0.0146588720381259,0.1183597519993782,0.0941198021173477,0.0294090658426284,0.0866084620356559,0.1931131780147552,0.123395137488842,0.1183597519993782,0.3203501403331756,0.1101771190762519,0.2101730212569236,-0.0575191937386989,0.0817532241344451,-0.1652065962553024,-0.1099575981497764,0.0941198021173477,0.0111476749181747,-0.0313620723783969,0.0425097472965717
1991.0,3051.3152,1991.0,6.348916524854887e-05,0.0001317216395234,1.722869263295187e-05,9.770048522536203e-06,0.2366198897361755,0.054675854742527,-0.0345562621951103,-0.0230118483304977,0.2435114383697509,0.0919248908758163,0.0090164877474308,0.0087813436985015,0.3949045240879059,-0.0714475661516189,0.125872403383255,-0.1974295973777771,0.2300752401351928,0.0926377698779106,0.1101403459906578,-0.0799967944622039,0.4290528297424316,0.0435155592858791,0.0314052775502204,0.0209743157029151,-0.0345562621951103,0.0090164877474308,0.125872403383255,0.1101403459906578,0.0314052775502204,0.3068327844142914,0.0483756504952907,0.2584571339190006,-0.0230118483304977,0.0087813436985015,-0.1974295973777771,-0.0799967944622039,0.0209743157029151,0.0422613017261028,-0.0541365161538124,0.0963978178799152
1992.0,3227.7441,1992.0,6.363192307747211e-05,0.0001328303116809,1.7450623406799003e-05,9.80062105376029e-06,0.3224256038665771,0.1182421147823333,0.0042211636900901,0.032167762517929,0.2750234007835388,0.1742759943008422,0.0369250513613224,-0.0355561077594757,0.3979625105857849,-0.0761652812361717,0.1613418459892273,-0.2125956416130066,0.2580494284629822,0.1118444949388504,0.1794619560241699,-0.173783078789711,0.4093044400215149,0.0333199650049209,0.0793871730566024,-0.0077593363821506,0.0042211636900901,0.0369250513613224,0.1613418459892273,0.1794619560241699,0.0793871730566024,0.3325530767440796,0.0922674380242824,0.2402856387197971,0.032167762517929,-0.0355561077594757,-0.2125956416130066,-0.173783078789711,-0.0077593363821506,0.072303457558155,-0.0795052804052829,0.151808737963438
1993.0,3506.48,1993.0,6.367239693970208e-05,0.0001347235560647,1.7793084805704594e-05,9.869921516423932e-06,0.2700515985488891,0.0927825570106506,0.0179275870323181,0.0698855370283126,0.2851352095603943,0.2284860014915466,-0.0279962867498397,0.0678846016526222,0.4078800976276397,-0.0330457091331481,0.0926684141159057,-7.330626249313354e-05,0.1939838826656341,0.1635046303272247,0.0021319845691323,-0.0243636965751647,0.3884729146957397,0.0844961404800415,0.0696170032024383,0.0823382586240768,0.0179275870323181,-0.0279962867498397,0.0926684141159057,0.0021319845691323,0.0696170032024383,0.3091047406196594,0.0308697404339909,0.2782350001856685,0.0698855370283126,0.0678846016526222,-7.330626249313354e-05,-0.0243636965751647,0.0823382586240768,0.107244724035263,0.0391342788934707,0.0681104451417922
1994.0,3730.164,1994.0,6.412081648120096e-05,0.0001371699281012,1.809143200621755e-05,9.94008130683304e-06,0.2595157027244568,0.1191475391387939,-0.0750738605856895,0.0107921008020639,0.2496220469474792,0.2607370018959045,0.0174723919481039,0.0937218219041824,0.3744505941867828,-0.0712155252695083,0.1081373319029808,-0.0802842080593109,0.2339427322149276,0.1605848968029022,0.0054908916354179,-0.1537209749221801,0.418904185295105,0.038682498037815,0.0413849130272865,0.0855115726590156,-0.0750738605856895,0.0174723919481039,0.1081373319029808,0.0054908916354179,0.0413849130272865,0.3072870522737503,0.0194823335856199,0.2878047186881304,0.0107921008020639,0.0937218219041824,-0.0802842080593109,-0.1537209749221801,0.0855115726590156,0.1015872821211814,-0.0087959375232458,0.1103832196444273
1995.0,3999.7292,1995.0,6.424451091951205e-05,0.0001392344738633,1.8365134311440887e-05,1.0035411717979055e-05,0.2629350423812866,0.1104413717985153,-0.0594012588262558,-0.0139433480799198,0.2990212142467499,0.2619362473487854,0.0498183146119117,0.1633643507957458,0.4037418365478515,-0.0681639835238456,0.0297499746084213,-0.2545357346534729,0.1920540034770965,0.2161374390125274,0.0206453613936901,-0.1590787768363952,0.3899448812007904,-0.0066746622323989,0.0254406724125146,0.0125194322317838,-0.0594012588262558,0.0498183146119117,0.0297499746084213,0.0206453613936901,0.0254406724125146,0.309539395570755,0.0132506128400564,0.2962887827306986,-0.0139433480799198,0.1633643507957458,-0.2545357346534729,-0.1590787768363952,0.0125194322317838,0.1027352824807167,-0.0503348153084516,0.1530700977891683
1996.0,4219.644,1996.0,6.488831852331195e-05,0.0001415286539798,1.865691987137692e-05,1.0123713407088935e-05,0.2188133895397186,0.1404519230127334,-0.0725613236427307,0.0713569074869155,0.2624971270561218,0.1939426660537719,-0.038835272192955,0.1396821141242981,0.3974070250988006,-0.1020828112959861,0.0182680487632751,-0.1700343340635299,0.1959786713123321,0.1760795712471008,-0.0521525740623474,-0.0837614312767982,0.4051893353462219,0.0416514240205287,0.0422561429440975,0.1061573177576065,-0.0725613236427307,-0.038835272192955,0.0182680487632751,-0.0521525740623474,0.0422561429440975,0.295977109670639,-0.020604995638132,0.3165821053087712,0.0713569074869155,0.1396821141242981,-0.1700343340635299,-0.0837614312767982,0.1061573177576065,0.0900085546076297,0.0126801148056983,0.0773284398019313
1997.0,4310.828,1997.0,6.538003663081328e-05,0.0001443454753565,1.8869604425576973e-05,1.0194203902155356e-05,0.2426268607378006,0.1483075469732284,-0.0703285112977027,0.0313030183315277,0.2277638018131256,0.219799131155014,-0.0771462395787239,0.0778344422578811,0.3903874158859253,-0.0696634501218795,0.0447840169072151,-0.0876619517803192,0.1293074488639831,0.1742357313632965,-0.0192887596786022,-0.1305301189422607,0.3649187088012695,-0.0439762771129608,-0.0278343558311462,0.0328767076134681,-0.0703285112977027,-0.0771462395787239,0.0447840169072151,-0.0192887596786022,-0.0278343558311462,0.2710008472204208,-0.029962769895792,0.3009636171162128,0.0313030183315277,0.0778344422578811,-0.0876619517803192,-0.1305301189422607,0.0328767076134681,0.0857405364513397,-0.0152355805039405,0.1009761169552803
1998.0,4309.847,1998.0,6.62621661311797e-05,0.0001470881303638,1.903830859706674e-05,1.0254621944787757e-05,0.2020128816366195,0.156162291765213,-0.0598621070384979,0.0487527325749397,0.2603812217712402,0.2778011560440063,-0.0344243645668029,0.1501168310642242,0.3490825891494751,-0.0667429640889167,0.1189762502908706,-0.0566855743527412,0.2285765409469604,0.2636825144290924,0.0195377729833126,-0.1029032468795776,0.3230143785476684,0.0613618791103363,0.0474554151296615,0.0768065005540847,-0.0598621070384979,-0.0344243645668029,0.1189762502908706,0.0195377729833126,0.0474554151296615,0.2726135224103928,0.0183365933597087,0.254276929050684,0.0487527325749397,0.1501168310642242,-0.0566855743527412,-0.1029032468795776,0.0768065005540847,0.1384529754519462,0.0232174485921859,0.1152355268597603
1999.0,4466.7363,1999.0,6.630925727384758e-05,0.0001500588338266,1.9283037593258765e-05,1.0225537242547488e-05,0.1730261147022247,0.1134904026985168,-0.074312686920166,-0.0099885314702987,0.2685513496398926,0.1649749875068664,-0.0819359570741653,0.0802947729825973,0.4337154030799866,-0.0352568998932838,0.0634326189756393,-0.2156066745519638,0.154431864619255,0.2027869522571563,0.0156383253633976,-0.1780901551246643,0.3379418849945068,0.0235881470143795,0.0751919448375701,-0.001544002443552,-0.074312686920166,-0.0819359570741653,0.0634326189756393,0.0156383253633976,0.0751919448375701,0.2735333234071732,-0.0003971509635448,0.273930474370718,-0.0099885314702987,0.0802947729825973,-0.2156066745519638,-0.1780901551246643,-0.001544002443552,0.093916717916727,-0.0649869181215763,0.1589036360383033
2000.0,4730.3545,2000.0,6.685782883713338e-05,0.0001530684315704,1.943645467650563e-05,1.0207682653426025e-05,0.2722792327404022,0.1529818326234817,-0.0801800340414047,-0.0157950744032859,0.2302820384502411,0.2127354145050048,-0.0428868494927883,0.0353185907006263,0.3959308862686157,-0.0640841498970985,0.12012180685997,-0.1760067194700241,0.1374931931495666,0.1967393010854721,0.022368386387825,-0.1764867305755615,0.3517617583274841,-0.0309343636035919,-0.0517817884683609,-0.0385639294981956,-0.0801800340414047,-0.0428868494927883,0.12012180685997,0.022368386387825,-0.0517817884683609,0.2775494217872619,-0.0064716957509517,0.2840211175382137,-0.0157950744032859,0.0353185907006263,-0.1760067194700241,-0.1764867305755615,-0.0385639294981956,0.0934876069426536,-0.0743067726492881,0.1677943795919418
2001.0,4995.1445,2001.0,6.709515536483326e-05,0.0001555056765027,1.951364467421358e-05,1.0158401228060098e-05,0.1918916404247284,0.1754562258720398,-0.0835961252450943,0.028684563934803,0.2547903656959533,0.2994940280914306,-0.1371973007917404,0.1927116215229034,0.3708586990833282,-0.0639699548482894,0.0202328823506832,-0.1545508801937103,0.1541404724121093,0.3005596399307251,-0.0404670573770999,-0.2065013796091079,0.4095606803894043,0.0474504120647907,0.0772364288568496,0.0399632416665554,-0.0835961252450943,-0.1371973007917404,0.0202328823506832,-0.0404670573770999,0.0772364288568496,0.2762483716011047,-0.0327582344412803,0.309006606042385,0.028684563934803,0.1927116215229034,-0.1545508801937103,-0.2065013796091079,0.0399632416665554,0.1517980702221393,-0.0199385665357112,0.1717366367578506
2002.0,5343.1123,2002.0,6.761684405124209e-05,0.0001584330322137,1.951361325955224e-05,1.0037469880330716e-05,0.2209916710853576,0.153843492269516,-0.081471174955368,0.0793579667806625,0.21814626455307,0.3081198930740356,-0.1166561394929885,0.154872864484787,0.3552300333976745,-0.0446297228336334,0.047243058681488,-0.1932497322559356,0.1178531199693679,0.2878665626049042,-0.0574570670723915,-0.1307504177093505,0.3710571229457855,0.0023493506014347,-0.0184484831988811,0.0449918136000633,-0.081471174955368,-0.1166561394929885,0.047243058681488,-0.0574570670723915,-0.0184484831988811,0.2566556423902512,-0.0453579612076282,0.3020136035978794,0.0793579667806625,0.154872864484787,-0.1932497322559356,-0.1307504177093505,0.0449918136000633,0.1415099151432514,-0.0089555010199546,0.1504654161632061
2003.0,5649.4634,2003.0,6.786297943303258e-05,0.0001606286815721,1.950581295489608e-05,9.935032923432835e-06,0.2122706174850464,0.1796953678131103,-0.0765128433704376,-0.0002056136727333,0.2564985454082489,0.3014252483844757,-0.0591006502509117,0.1194053292274475,0.370894193649292,-0.0828516036272049,0.0242488402873277,-0.114053875207901,0.1664710044860839,0.2390425950288772,-0.0614261925220489,-0.1352128833532333,0.3238879740238189,-0.0201720893383026,-0.0125413872301578,0.0956242382526397,-0.0765128433704376,-0.0591006502509117,0.0242488402873277,-0.0614261925220489,-0.0125413872301578,0.266004467010498,-0.0370664466172456,0.3030709136277437,-0.0002056136727333,0.1194053292274475,-0.114053875207901,-0.1352128833532333,0.0956242382526397,0.1234279036521911,-0.006888560950756,0.1303164646029472
2004.0,6067.5913,2004.0,6.791346402224006e-05,0.0001627401840258,1.956454350859893e-05,9.848364160396678e-06,0.2244261801242828,0.1651201248168945,-0.0852642357349395,-0.0274067148566246,0.246610403060913,0.2628539204597473,-0.0761773362755775,0.0796138644218444,0.357204794883728,-0.0125976465642452,0.0511364489793777,-0.1338309496641159,0.1018985509872436,0.2316215336322784,0.0062337461858987,-0.1207790896296501,0.4133148789405823,-0.029638085514307,-0.0542675480246543,-0.1148774921894073,-0.0852642357349395,-0.0761773362755775,0.0511364489793777,0.0062337461858987,-0.0542675480246543,0.2686909615993499,-0.031667784973979,0.3003587465733289,-0.0274067148566246,0.0796138644218444,-0.1338309496641159,-0.1207790896296501,-0.1148774921894073,0.1234719693660736,-0.0634560763835907,0.1869280457496643
2005.0,6626.592,2005.0,6.825180296183525e-05,0.0001652739711711,1.9678264238473127e-05,9.820771196546372e-06,0.304343968629837,0.1596472859382629,-0.0415050387382507,-0.0532261803746223,0.3101739883422851,0.267706036567688,-0.0139673091471195,0.1000344678759574,0.4455190300941467,-0.1050849854946136,0.0900981947779655,-0.2107109874486923,0.1760250926017761,0.2642131149768829,0.0612851977348327,-0.0618677176535129,0.3713326752185821,-0.0368083193898201,0.0020452365279197,-0.1144143119454383,-0.0415050387382507,-0.0139673091471195,0.0900981947779655,0.0612851977348327,0.0020452365279197,0.3214789509773254,0.0195912562310695,0.3018876947462559,-0.0532261803746223,0.1000344678759574,-0.2107109874486923,-0.0618677176535129,-0.1144143119454383,0.10993462651968,-0.0680369459092617,0.1779715724289417
2006.0,7271.0356,2006.0,6.914717949614766e-05,0.0001689970002059,1.962606305681648e-05,9.697001936867117e-06,0.2623732388019562,0.1404813826084137,-0.0999504551291465,-0.0038178395479917,0.2553023099899292,0.2311700880527496,-0.0884449481964111,0.0944007337093353,0.3859184384346008,-0.1232782751321792,-0.0336927250027656,-0.2376487553119659,0.1007144376635551,0.196454644203186,-0.0518106259405612,-0.0680985674262046,0.3094464540481567,-0.046138972043991,-0.0681264549493789,-0.0479650683701038,-0.0999504551291465,-0.0884449481964111,-0.0336927250027656,-0.0518106259405612,-0.0681264549493789,0.2627509757876396,-0.0684050418436527,0.3311560176312923,-0.0038178395479917,0.0944007337093353,-0.2376487553119659,-0.0680985674262046,-0.0479650683701038,0.0797377735376358,-0.0526258993893861,0.132363672927022
2007.0,7895.713,2007.0,6.936431030421122e-05,0.0001733153665424,1.9908494600352963e-05,9.55447313007848e-06,0.2397518455982208,0.1212470829486846,-0.0661642178893089,-0.0279156900942325,0.2059223651885986,0.2288304567337036,-0.1031262874603271,0.0328559577465057,0.3739275932312011,-0.0904544368386268,0.0027728118002414,-0.2432768046855926,0.1263637840747833,0.2079967558383941,-0.0249604918062686,-0.1715320199728012,0.3485586047172546,-0.0534676760435104,-0.0479228198528289,-0.0290304943919181,-0.0661642178893089,-0.1031262874603271,0.0027728118002414,-0.0249604918062686,-0.0479228198528289,0.2589048385620117,-0.0478802010416984,0.3067850396037102,-0.0279156900942325,0.0328559577465057,-0.2432768046855926,-0.1715320199728012,-0.0290304943919181,0.082830436527729,-0.0877798102796077,0.1706102468073368
2008.0,8190.1123,2008.0,6.920238871543917e-05,0.000177982191287,2.0014730082484887e-05,9.280716725815608e-06,0.2906689345836639,0.1301832199096679,-0.0344408601522445,0.0521822050213813,0.2689927220344543,0.2833606004714966,-0.0531080067157745,0.0832287520170211,0.3250670433044433,-0.0739895030856132,0.0590526647865772,-0.1266107708215713,0.1253632009029388,0.2468649595975875,-0.0543059967458248,-0.1187918111681938,0.2954126596450805,-0.0576659888029098,-0.1157689020037651,0.0449885353446006,-0.0344408601522445,-0.0531080067157745,0.0590526647865772,-0.0543059967458248,-0.1157689020037651,0.2611009120941162,-0.0397142201662063,0.3008151322603226,0.0521822050213813,0.0832287520170211,-0.1266107708215713,-0.1187918111681938,0.0449885353446006,0.1057506576180458,-0.0130006179213523,0.1187512755393982
2009.0,8734.041,2009.0,6.837049742866188e-05,0.0001805216004738,2.0091277423071672e-05,8.949711589220245e-06,0.2401264905929565,0.0986040085554122,-0.0768357664346695,1.00843608379364e-05,0.2361997961997985,0.2239180505275726,-0.0013122055679559,0.1042656525969505,0.3678098917007446,-0.1238642036914825,-0.0615160204470157,-0.3168871104717254,0.1080587655305862,0.1553280651569366,-0.0319666266441345,-0.0637423247098922,0.3056249022483825,-0.0665672123432159,-0.0807032361626625,0.0101520046591758,-0.0768357664346695,-0.0013122055679559,-0.0615160204470157,-0.0319666266441345,-0.0807032361626625,0.2515639692544937,-0.0504667710512876,0.3020307403057813,1.00843608379364e-05,0.1042656525969505,-0.3168871104717254,-0.0637423247098922,0.0101520046591758,0.0574837416410446,-0.0532403387129306,0.1107240803539753
2010.0,9658.419,2010.0,6.745647468570887e-05,0.0001836039391491,2.0151776122080884e-05,8.590211699401249e-06,0.2760548889636993,0.1500003337860107,-0.0591271668672561,0.0399001836776733,0.2718462347984314,0.2096710205078125,-0.0762186497449874,0.0795212164521217,0.4305861890316009,-0.1343407034873962,-0.0140727274119853,-0.1946821212768554,0.1253345012664795,0.1611411571502685,0.0057481750845909,-0.0844469293951988,0.3169886469841003,-0.0555933006107807,-0.1154047176241874,-0.0375461392104625,-0.0591271668672561,-0.0762186497449874,-0.0140727274119853,0.0057481750845909,-0.1154047176241874,0.2841620922088623,-0.0518150173127651,0.3359771095216274,0.0399001836776733,0.0795212164521217,-0.1946821212768554,-0.0844469293951988,-0.0375461392104625,0.0661757014691829,-0.0394507579505443,0.1056264594197273
2011.0,10221.0,2011.0,6.7318370115897e-05,0.0001875948305496,2.0179989552003365e-05,8.267878252407205e-06,0.2832957804203033,0.1564526259899139,-0.0393870286643505,0.0313625857234001,0.2948384284973144,0.2843399941921234,-0.0592678673565387,0.1306787133216858,0.3656881749629974,-0.1168897822499275,0.0979924649000167,-0.1129054203629493,0.1661914587020874,0.1543307602405548,-0.0510887503623962,-0.0565656721591949,0.3265395164489746,-0.0332198105752468,-0.1190332025289535,-9.087473154067992e-05,-0.0393870286643505,-0.0592678673565387,0.0979924649000167,-0.0510887503623962,-0.1190332025289535,0.2873106718063354,-0.0341568768024444,0.3214675486087799,0.0313625857234001,0.1306787133216858,-0.1129054203629493,-0.0565656721591949,-9.087473154067992e-05,0.0890027575194835,-0.0015041336417198,0.0905068911612033
2012.0,10680.0,2012.0,6.648874436418087e-05,0.0001908642098637,2.020771778113201e-05,7.856445135904063e-06,0.2005037665367126,0.1387103796005249,-0.0981139540672302,-0.019223153591156,0.2644978761672973,0.2133971601724624,-0.0774564296007156,0.0494864135980606,0.352554976940155,-0.1457147151231765,0.0173467323184013,-0.2746498882770538,0.0898893997073173,0.1311675608158111,-0.0218396112322807,-0.0873593017458915,0.3148485422134399,-0.0604483038187027,-0.0512933880090713,-0.077150359749794,-0.0981139540672302,-0.0774564296007156,0.0173467323184013,-0.0218396112322807,-0.0512933880090713,0.2444589123129844,-0.0462713301181793,0.2907302424311638,-0.019223153591156,0.0494864135980606,-0.2746498882770538,-0.0873593017458915,-0.077150359749794,0.0554224163293838,-0.0817792579531669,0.1372016742825508
2013.0,11328.0,2013.0,6.5200942539637e-05,0.0001925104135937,2.034954395557469e-05,7.573851688594655e-06,0.2599756121635437,0.1056399345397949,-0.0860733613371849,-0.0052927583456039,0.3190392255783081,0.2395818084478378,-0.0737200900912284,0.096980482339859,0.4513331055641174,-0.14033043384552,0.0841143280267715,-0.3158030211925506,0.1801468729972839,0.1843816488981247,0.0257778912782669,-0.0762635022401809,0.328258067369461,-0.1189405024051666,-0.0022940784692764,-0.059333898127079,-0.0860733613371849,-0.0737200900912284,0.0841143280267715,0.0257778912782669,-0.0022940784692764,0.3077505767345428,-0.0104390621185302,0.3181896388530731,-0.0052927583456039,0.096980482339859,-0.3158030211925506,-0.0762635022401809,-0.059333898127079,0.0540664911270141,-0.0719425395131111,0.1260090306401252
2014.0,11944.0,2014.0,6.43065972911115e-05,0.0001928716956821,2.009215233764421e-05,7.255257444021319e-06,0.2609174847602844,0.1165157333016395,-0.0436003357172012,0.0146158635616302,0.2628608047962188,0.2800605595111847,-0.0967062711715698,0.0983500629663467,0.3918284773826599,-0.162486732006073,0.0433133505284786,-0.2906127572059631,0.1143225505948066,0.223489224910736,0.0018615610897541,0.01764827221632,0.2742353677749634,-0.1090873926877975,-0.032155591994524,-0.0301751531660556,-0.0436003357172012,-0.0967062711715698,0.0433133505284786,0.0018615610897541,-0.032155591994524,0.2608329370617867,-0.0254574574530124,0.2862903945147991,0.0146158635616302,0.0983500629663467,-0.2906127572059631,0.01764827221632,-0.0301751531660556,0.0696982786059379,-0.0380347423255443,0.1077330209314823
2015.0,12244.0,2015.0,6.40422357735458e-05,0.0001918935088594,2.0012573160041063e-05,7.125520760402942e-06,0.2689206898212433,0.0923520922660827,-0.060207113623619,0.0059403255581855,0.3112016320228576,0.2133930176496505,-0.1528394073247909,0.0712873861193656,0.3811458349227905,-0.1828178763389587,0.0440091900527477,-0.2332223057746887,0.144286572933197,0.2053907364606857,0.0121868997812271,0.0250218883156776,0.311177909374237,-0.0787391066551208,0.0220279730856418,-0.011652648448944,-0.060207113623619,-0.1528394073247909,0.0440091900527477,0.0121868997812271,0.0220279730856418,0.2833465278148651,-0.0269644916057586,0.3103110194206238,0.0059403255581855,0.0712873861193656,-0.2332223057746887,0.0250218883156776,-0.011652648448944,0.0499157726764678,-0.0285250708460807,0.0784408435225486
2016.0,12569.0,2016.0,6.421202665153811e-05,0.0001932828460147,2.0068125528111785e-05,7.035082250642487e-06,0.2110985964536667,0.1253388822078704,-0.0929095223546028,0.0028899796307086,0.3226405084133148,0.2037012279033661,-0.0383438691496849,0.0313643366098403,0.3717969059944153,-0.1414300501346588,0.0035450141876935,-0.2291905879974365,0.1857625842094421,0.1178871616721153,0.0058088079094886,-0.0546360947191715,0.3095173239707947,-0.1774073541164398,-0.0494061447679996,-0.0468333512544631,-0.0929095223546028,-0.0383438691496849,0.0035450141876935,0.0058088079094886,-0.0494061447679996,0.2801631838083267,-0.034261142835021,0.3144243266433477,0.0028899796307086,0.0313643366098403,-0.2291905879974365,-0.0546360947191715,-0.0468333512544631,0.0256179735064506,-0.0592811435461044,0.0848991170525551
2017.0,12733.932,2017.0,6.442152222992566e-05,0.0001943126881845,2.0090090278427707e-05,6.995597881598314e-06,0.2105796933174133,0.0955325663089752,-0.1050474196672439,0.0232982523739337,0.2405170798301696,0.2286413609981537,-0.1347631514072418,0.0149920284748077,0.3421362042427063,-0.1878830194473266,-0.0095566362142562,-0.3233936429023742,0.0723911300301551,0.1270437836647033,-0.1607596427202224,-0.0889924168586731,0.2820223569869995,-0.1654039323329925,-0.140368640422821,-0.1243381351232528,-0.1050474196672439,-0.1347631514072418,-0.0095566362142562,-0.1607596427202224,-0.140368640422821,0.2295292928814888,-0.1100990980863571,0.3396283909678459,0.0232982523739337,0.0149920284748077,-0.3233936429023742,-0.0889924168586731,-0.1243381351232528,0.0195861518383026,-0.0996867828071117,0.1192729346454143
2018.0,13101.706,2018.0,6.413177213744349e-05,0.0001937812823598,2.015211942572925e-05,6.955429965955772e-06,0.2478982955217361,0.1600117832422256,-0.1026449352502822,0.0294438507407903,0.3068468868732452,0.2254671454429626,-0.096845731139183,0.1340064704418182,0.4124836325645447,-0.0960544794797897,0.0333645939826965,-0.2129138112068176,0.1436222046613693,0.1714441329240799,-0.0190096497535705,0.021846018731594,0.2919137179851532,-0.1231522858142852,-0.1828443109989166,0.0075950846076011,-0.1026449352502822,-0.096845731139183,0.0333645939826965,-0.0190096497535705,-0.1828443109989166,0.2805529475212097,-0.0735960066318512,0.3541489541530609,0.0294438507407903,0.1340064704418182,-0.2129138112068176,0.021846018731594,0.0075950846076011,0.0675432592630386,-0.0040044773370027,0.0715477366000413
,,2019.0,,,,,0.1294459700584411,0.1181073039770126,-0.1260825395584106,0.0193038787692785,0.261759340763092,0.1776660084724426,-0.0907327532768249,0.0442243069410324,0.3545076251029968,-0.105078786611557,-0.1345036476850509,-0.286192238330841,0.1483725905418396,0.1491763293743133,0.0371000543236732,0.0284350775182247,0.2710956335067749,-0.0957788974046707,-0.023747481405735,-0.0712551921606063,-0.1260825395584106,-0.0907327532768249,-0.1345036476850509,0.0371000543236732,-0.023747481405735,0.2330362319946289,-0.0675932735204696,0.3006295055150986,0.0193038787692785,0.0442243069410324,-0.286192238330841,0.0284350775182247,-0.0712551921606063,0.0488183915615081,-0.0530968334525823,0.1019152250140905
,,2020.0,,,,,0.347372442483902,0.1242348551750183,-0.051614373922348,-0.0097650159150362,0.2834547758102417,0.2840433120727539,-0.0141386501491069,-0.0406666472554206,0.3415435552597046,-0.1313693821430206,0.0708090960979461,-0.1844639331102371,0.1680690944194793,0.1797282546758651,-0.1079397797584533,-0.1576109826564788,0.2953768670558929,-0.1437942832708358,-0.0605435669422149,0.0213228967040777,-0.051614373922348,-0.0141386501491069,0.0708090960979461,-0.1079397797584533,-0.0605435669422149,0.2871633470058441,-0.0326854549348354,0.3198488019406795,-0.0097650159150362,-0.0406666472554206,-0.1844639331102371,-0.1576109826564788,0.0213228967040777,0.0625685513019561,-0.074236736446619,0.1368052877485752
,,2021.0,,,,,0.1864236146211624,0.1128282994031906,-0.0964564383029937,0.0106187835335731,0.1711490899324417,0.2750999927520752,-0.1141218468546867,0.0269869416952133,0.3521101772785187,-0.1288554072380066,0.0693879052996635,-0.2821254730224609,0.1112269684672355,0.1441564261913299,-0.0024781972169876,-0.0308257415890693,0.3352976739406585,-0.2052022069692611,-0.1210139542818069,0.0134310275316238,-0.0964564383029937,-0.1141218468546867,0.0693879052996635,-0.0024781972169876,-0.1210139542818069,0.2312415048480033,-0.0529365062713623,0.2841780111193657,0.0106187835335731,0.0269869416952133,-0.2821254730224609,-0.0308257415890693,0.0134310275316238,0.0396054208278656,-0.052382892370224,0.0919883131980895
