year,effort_care_vic,efficiency_care_vic,effort_care_vir,efficiency_care_vir,effort_loya_vic,efficiency_loya_vic,effort_loya_vir,efficiency_loya_vir,effort_auth_vic,efficiency_auth_vic,effort_auth_vir,efficiency_auth_vir,effort_sanc_vic,efficiency_sanc_vic,effort_sanc_vir,efficiency_sanc_vir,effort_fare_vic,efficiency_fare_vic,effort_fare_vir,efficiency_fare_vir,effort_care,effort_loya,effort_auth,effort_sanc,effort_fare,effort_virtue,effort_vice,effort_vir_vic_diff,efficiency_care,efficiency_loya,efficiency_auth,efficiency_sanc,efficiency_fare,efficiency_virtue,efficiency_vice,efficiency_vir_vic_diff
1873.0,0.9581850171089172,0.9757493734359741,0.9642004370689392,0.977947473526001,0.9119312167167664,0.9334927797317505,0.9601608514785767,0.973151445388794,0.9575434327125549,0.9646650552749634,0.9573732018470764,0.958425760269165,0.9263728260993958,0.9518234729766846,0.9404101371765137,0.9564509987831116,0.9450405836105347,0.9680772423744202,0.9612774848937988,0.9779354333877563,0.9642004370689392,0.9601608514785767,0.9573732018470764,0.9404101371765137,0.9612774848937988,0.9566844224929809,0.9398146152496338,0.01686980724334708,0.977947473526001,0.973151445388794,0.958425760269165,0.9564509987831116,0.9779354333877563,0.9687822222709656,0.9587615847587585,0.010020637512207053
1874.0,0.932011067867279,0.8870818614959717,0.947685718536377,0.8945753574371338,0.8896608948707581,0.833215594291687,0.9241376519203186,0.867622435092926,0.9064395427703857,0.8665047883987427,0.9011984467506409,0.8666666746139526,0.9201541543006897,0.8777518272399902,0.9327330589294434,0.8819410800933838,0.9207241535186768,0.8814427256584167,0.903215229511261,0.8698838949203491,0.947685718536377,0.9241376519203186,0.9011984467506409,0.9327330589294434,0.903215229511261,0.9217940211296082,0.9137979626655579,0.00799605846405027,0.8945753574371338,0.867622435092926,0.8666666746139526,0.8819410800933838,0.8698838949203491,0.876137888431549,0.8691993594169617,0.006938529014587358
1875.0,0.9122241735458374,0.8961182832717896,0.9318255186080933,0.9236776232719421,0.884088397026062,0.8734620213508606,0.9063745737075806,0.9023849368095398,0.8462201356887817,0.8594655394554138,0.8792610168457031,0.903666615486145,0.8931233286857605,0.8754180073738098,0.9148037433624268,0.894289493560791,0.9103557467460632,0.9103416204452515,0.8780418038368225,0.9141885042190552,0.9318255186080933,0.9063745737075806,0.8792610168457031,0.9148037433624268,0.8780418038368225,0.9020613312721253,0.889202356338501,0.012858974933624312,0.9236776232719421,0.9023849368095398,0.903666615486145,0.894289493560791,0.9141885042190552,0.9076414346694947,0.882961094379425,0.024680340290069602
1876.0,0.9211446046829224,0.8347965478897095,0.9490572214126587,0.8577219247817993,0.8902748823165894,0.7966915369033813,0.9150559902191162,0.8319005370140076,0.889114499092102,0.8164956569671631,0.8986807465553284,0.838334858417511,0.9133152961730957,0.8286899328231812,0.9336555004119873,0.8374629020690918,0.9184243679046631,0.8435844779014587,0.9064615368843079,0.8501558303833008,0.9490572214126587,0.9150559902191162,0.8986807465553284,0.9336555004119873,0.9064615368843079,0.9205821990966797,0.9064547300338746,0.014127469062805154,0.8577219247817993,0.8319005370140076,0.838334858417511,0.8374629020690918,0.8501558303833008,0.8431152105331421,0.8240516304969787,0.019063580036163374
1877.0,0.9364470839500427,0.8984844088554382,0.9482181072235107,0.9155219793319702,0.9186887145042419,0.8795514702796936,0.9192001819610596,0.9005657434463501,0.8970618844032288,0.8700687885284424,0.9034649729728699,0.8811177015304565,0.9177452325820923,0.863727867603302,0.9304823875427246,0.8802324533462524,0.9216994047164917,0.8877425193786621,0.9044265151023865,0.8925729393959045,0.9482181072235107,0.9192001819610596,0.9034649729728699,0.9304823875427246,0.9044265151023865,0.9211584329605103,0.9183284640312195,0.0028299689292907715,0.9155219793319702,0.9005657434463501,0.8811177015304565,0.8802324533462524,0.8925729393959045,0.8940021634101868,0.8799150109291076,0.014087152481079168
1878.0,0.893539309501648,0.849250316619873,0.9100591540336609,0.8692039251327515,0.8492611050605774,0.7784184813499451,0.8741855621337891,0.8345054388046265,0.8548159003257751,0.817808985710144,0.836819052696228,0.8387430906295776,0.870410144329071,0.8451331853866577,0.891239583492279,0.839392364025116,0.862260103225708,0.8404630422592163,0.8402957916259766,0.849054217338562,0.9100591540336609,0.8741855621337891,0.836819052696228,0.891239583492279,0.8402957916259766,0.8705198287963867,0.8660573124885559,0.004462516307830788,0.8692039251327515,0.8345054388046265,0.8387430906295776,0.839392364025116,0.849054217338562,0.8461798071861267,0.8262148022651672,0.01996500492095954
1879.0,0.9092579483985901,0.8447787165641785,0.9277829527854919,0.8610246181488037,0.8548145294189453,0.772545337677002,0.9015539884567261,0.8298070430755615,0.8771657943725586,0.8228977918624878,0.8815401792526245,0.8307539224624634,0.9029273986816406,0.8486968278884888,0.9153972864151001,0.8320595026016235,0.9077631235122681,0.847122311592102,0.8987675905227661,0.8590296506881714,0.9277829527854919,0.9015539884567261,0.8815401792526245,0.9153972864151001,0.8987675905227661,0.9050083994865418,0.8903857588768005,0.014622640609741278,0.8610246181488037,0.8298070430755615,0.8307539224624634,0.8320595026016235,0.8590296506881714,0.8425349473953248,0.8272081971168518,0.015326750278472967
1880.0,0.8855614066123962,0.8426458835601807,0.9094059467315674,0.857522189617157,0.8346361517906189,0.793603777885437,0.8856952786445618,0.8351296186447144,0.8384354114532471,0.807864785194397,0.8468829393386841,0.8422854542732239,0.8732315897941589,0.8200975656509399,0.9032716751098633,0.8381980657577515,0.8642551898956299,0.8264822959899902,0.8428840637207031,0.8469678163528442,0.9094059467315674,0.8856952786445618,0.8468829393386841,0.9032716751098633,0.8428840637207031,0.8776279807090759,0.8592239499092102,0.018404030799865634,0.857522189617157,0.8351296186447144,0.8422854542732239,0.8381980657577515,0.8469678163528442,0.8440206289291382,0.818138861656189,0.02588176727294922
1881.0,0.9175201058387756,0.8490413427352905,0.9348207712173462,0.884569525718689,0.8959487676620483,0.8221657276153564,0.9009337425231934,0.8430874347686768,0.9006251692771912,0.8494888544082642,0.8817855715751648,0.8618688583374023,0.8978723883628845,0.8241642713546753,0.9254775643348694,0.8479217290878296,0.9051952362060547,0.8549267649650574,0.8775131106376648,0.88163822889328,0.9348207712173462,0.9009337425231934,0.8817855715751648,0.9254775643348694,0.8775131106376648,0.9041061520576477,0.9034323334693909,0.0006738185882567693,0.884569525718689,0.8430874347686768,0.8618688583374023,0.8479217290878296,0.88163822889328,0.8638171553611755,0.8399573922157287,0.0238597631454468
1882.0,0.8930260539054871,0.8073015213012695,0.9128075242042542,0.8187294006347656,0.8399460315704346,0.7590785026550293,0.8788982629776001,0.7912576198577881,0.8480654954910278,0.786402702331543,0.845535397529602,0.8032439947128296,0.8907579779624939,0.8033987283706665,0.9096406102180481,0.8077763319015503,0.8794102072715759,0.815805196762085,0.8468329906463623,0.8291267156600952,0.9128075242042542,0.8788982629776001,0.845535397529602,0.9096406102180481,0.8468329906463623,0.8787429571151734,0.8702411532402039,0.00850180387496946,0.8187294006347656,0.7912576198577881,0.8032439947128296,0.8077763319015503,0.8291267156600952,0.8100268125534058,0.7943973302841186,0.015629482269287176
1883.0,0.8976080417633057,0.8545929193496704,0.9162854552268982,0.8710664510726929,0.8283790349960327,0.7855921983718872,0.8734850287437439,0.8455995321273804,0.869644045829773,0.8278405070304871,0.853725790977478,0.8439316749572754,0.887271523475647,0.81334388256073,0.9021106362342834,0.8373085260391235,0.8880954384803772,0.8683834671974182,0.8535704612731934,0.8759818077087402,0.9162854552268982,0.8734850287437439,0.853725790977478,0.9021106362342834,0.8535704612731934,0.8798354744911194,0.8741996169090271,0.005635857582092285,0.8710664510726929,0.8455995321273804,0.8439316749572754,0.8373085260391235,0.8759818077087402,0.8547775983810425,0.8299505949020386,0.024827003479003906
1884.0,0.8913726806640625,0.7779320478439331,0.9062179327011108,0.7806868553161621,0.8129452466964722,0.6621536016464233,0.8932696580886841,0.7627815008163452,0.8725389242172241,0.743290901184082,0.8733426928520203,0.7834161520004272,0.8814389705657959,0.7672610282897949,0.9023359417915344,0.7569104433059692,0.8909508585929871,0.7805643677711487,0.8619140386581421,0.789189875125885,0.9062179327011108,0.8932696580886841,0.8733426928520203,0.9023359417915344,0.8619140386581421,0.8874160528182984,0.8698493361473083,0.01756671667099008,0.7806868553161621,0.7627815008163452,0.7834161520004272,0.7569104433059692,0.789189875125885,0.7745969653129577,0.7462403893470764,0.02835657596588137
1885.0,0.9183855056762695,0.8592092990875244,0.9335072636604309,0.8886830806732178,0.8835779428482056,0.8057758808135986,0.9262293577194214,0.8575592041015625,0.9125626683235168,0.8407902121543884,0.9158196449279785,0.872471809387207,0.884726881980896,0.8187161684036255,0.9167742729187012,0.8549976348876953,0.9083820581436157,0.8624013662338257,0.9113900661468506,0.8971215486526489,0.9335072636604309,0.9262293577194214,0.9158196449279785,0.9167742729187012,0.9113900661468506,0.9207441210746765,0.9015270113945008,0.01921710968017576,0.8886830806732178,0.8575592041015625,0.872471809387207,0.8549976348876953,0.8971215486526489,0.8741666555404664,0.8373785853385926,0.0367880702018738
1886.0,0.881603479385376,0.7794497013092041,0.8994192481040955,0.7841525673866272,0.8164631128311157,0.694989800453186,0.8868167400360107,0.7847773432731628,0.8561954498291016,0.768051266670227,0.8610424995422363,0.8004800081253052,0.873927116394043,0.7682321667671204,0.8993613719940186,0.7833104133605957,0.8778101205825806,0.7951740026473999,0.842195451259613,0.7970019578933716,0.8994192481040955,0.8868167400360107,0.8610424995422363,0.8993613719940186,0.842195451259613,0.8777670621871948,0.8611998558044434,0.016567206382751443,0.7841525673866272,0.7847773432731628,0.8004800081253052,0.7833104133605957,0.7970019578933716,0.7899444580078125,0.7611793875694275,0.028765070438385054
1887.0,0.8938952684402466,0.8215179443359375,0.9147432446479797,0.8295716643333435,0.850386381149292,0.752007007598877,0.8890739679336548,0.8320372700691223,0.8593242168426514,0.7964459657669067,0.8710781335830688,0.8368867635726929,0.8592747449874878,0.7972065806388855,0.889018177986145,0.8041483163833618,0.8714091777801514,0.8391470909118652,0.8426309823989868,0.8418271541595459,0.9147432446479797,0.8890739679336548,0.8710781335830688,0.889018177986145,0.8426309823989868,0.8813089013099671,0.8668579578399658,0.01445094347000131,0.8295716643333435,0.8320372700691223,0.8368867635726929,0.8041483163833618,0.8418271541595459,0.8288942337036133,0.8012649178504944,0.027629315853118896
1888.0,0.8850870132446289,0.7848404049873352,0.9019302129745483,0.7866940498352051,0.8311469554901123,0.7295806407928467,0.8828763961791992,0.7600049376487732,0.8520699143409729,0.7699589133262634,0.8513631820678711,0.7870975136756897,0.8699139952659607,0.7742152214050293,0.899662971496582,0.7680861949920654,0.8865693807601929,0.7972100973129272,0.8387082815170288,0.804707944393158,0.9019302129745483,0.8828763961791992,0.8513631820678711,0.899662971496582,0.8387082815170288,0.8749082088470459,0.8649574518203735,0.009950757026672363,0.7866940498352051,0.7600049376487732,0.7870975136756897,0.7680861949920654,0.804707944393158,0.7813181281089783,0.7711610555648803,0.010157072544097923
1889.0,0.9269447922706604,0.8294357061386108,0.9298241138458252,0.8705404996871948,0.8530316352844238,0.7488495707511902,0.9170575141906738,0.8490989208221436,0.9092892408370972,0.8052600622177124,0.8997730016708374,0.8507998585700989,0.8940008878707886,0.7955189347267151,0.9157758355140686,0.8246148824691772,0.924081563949585,0.8416831493377686,0.8948202729225159,0.8547943830490112,0.9298241138458252,0.9170575141906738,0.8997730016708374,0.9157758355140686,0.8948202729225159,0.9114501476287842,0.901469624042511,0.009980523586273216,0.8705404996871948,0.8490989208221436,0.8507998585700989,0.8246148824691772,0.8547943830490112,0.8499697089195252,0.8041494846343994,0.04582022428512578
1890.0,0.8627750873565674,0.7620366811752319,0.9015331268310547,0.7916373610496521,0.8170086741447449,0.6972538232803345,0.8782092332839966,0.7593252062797546,0.8418814539909363,0.7625119686126709,0.8575129508972168,0.7799758911132812,0.8504484295845032,0.7549343109130859,0.8880165815353394,0.7556976675987244,0.8520711660385132,0.7792877554893494,0.8561897277832031,0.8186328411102295,0.9015331268310547,0.8782092332839966,0.8575129508972168,0.8880165815353394,0.8561897277832031,0.8762923240661621,0.8448369622230529,0.03145536184310915,0.7916373610496521,0.7593252062797546,0.7799758911132812,0.7556976675987244,0.8186328411102295,0.7810537934303283,0.7512049078941345,0.029848885536193803
1891.0,0.9182112216949463,0.8409959077835083,0.9347147345542908,0.8751109838485718,0.8887385725975037,0.8021646738052368,0.9127918481826782,0.8476938009262085,0.901474118232727,0.8202654719352722,0.8895016312599182,0.8518829345703125,0.8970754146575928,0.8197591304779053,0.9190009236335754,0.8364928960800171,0.9075021743774414,0.8461349010467529,0.8905935883522034,0.8719821572303772,0.9347147345542908,0.9127918481826782,0.8895016312599182,0.9190009236335754,0.8905935883522034,0.9093205451965332,0.9026003003120422,0.006720244884490967,0.8751109838485718,0.8476938009262085,0.8518829345703125,0.8364928960800171,0.8719821572303772,0.8566325545310974,0.8258640170097351,0.030768537521362327
1892.0,0.8930757641792297,0.8023067116737366,0.9024170637130737,0.7959352135658264,0.8415066003799438,0.7184964418411255,0.8887741565704346,0.7732632160186768,0.8745418787002563,0.7755798697471619,0.8819348216056824,0.7959001660346985,0.8747667670249939,0.7836379408836365,0.9022856950759888,0.781262993812561,0.8704092502593994,0.8037819862365723,0.863659143447876,0.8095731735229492,0.9024170637130737,0.8887741565704346,0.8819348216056824,0.9022856950759888,0.863659143447876,0.887814176082611,0.8708600521087646,0.016954123973846436,0.7959352135658264,0.7732632160186768,0.7959001660346985,0.781262993812561,0.8095731735229492,0.7911869525909424,0.7767605900764465,0.014426362514495916
1893.0,0.9072469472885132,0.8204367160797119,0.9313187599182129,0.823655366897583,0.8731769323348999,0.7493495941162109,0.9182256460189819,0.7852300405502319,0.8774531483650208,0.8046602010726929,0.8846959471702576,0.8174303770065308,0.8873674273490906,0.7918758392333984,0.9158903956413269,0.7673934698104858,0.8804231286048889,0.803195059299469,0.8600940704345703,0.8255828619003296,0.9313187599182129,0.9182256460189819,0.8846959471702576,0.9158903956413269,0.8600940704345703,0.9020449638366699,0.8851335167884826,0.016911447048187256,0.823655366897583,0.7852300405502319,0.8174303770065308,0.7673934698104858,0.8255828619003296,0.8038584232330322,0.7939034819602966,0.009954941272735662
1894.0,0.9096670746803284,0.8373124003410339,0.9181965589523315,0.8241610527038574,0.8635076284408569,0.759662389755249,0.9091634750366211,0.8012696504592896,0.8772975206375122,0.8100125193595886,0.8890389204025269,0.8234093189239502,0.8944258689880371,0.8133090138435364,0.9207067489624023,0.8128116726875305,0.8921787142753601,0.8269673585891724,0.8779875040054321,0.8448495864868164,0.9181965589523315,0.9091634750366211,0.8890389204025269,0.9207067489624023,0.8779875040054321,0.9030186414718628,0.8874153614044189,0.015603280067443936,0.8241610527038574,0.8012696504592896,0.8234093189239502,0.8128116726875305,0.8448495864868164,0.8213002562522889,0.8094527363777161,0.011847519874572776
1895.0,0.9097508192062378,0.8377639651298523,0.9257385730743408,0.8579853773117065,0.8713927268981934,0.7934527397155762,0.920951247215271,0.8394728302955627,0.8932540416717529,0.8348678350448608,0.8927303552627563,0.8591148853302002,0.8968558311462402,0.8017239570617676,0.9218767285346985,0.8149374723434448,0.9022011756896973,0.8539429903030396,0.8745654821395874,0.8669254779815674,0.9257385730743408,0.920951247215271,0.8927303552627563,0.9218767285346985,0.8745654821395874,0.9071724772453308,0.8946909189224244,0.012481558322906428,0.8579853773117065,0.8394728302955627,0.8591148853302002,0.8149374723434448,0.8669254779815674,0.8476872086524964,0.8243502974510193,0.023336911201477073
1896.0,0.8892675638198853,0.7802534699440002,0.8920356035232544,0.7876572608947754,0.8268538117408752,0.7217126488685608,0.8766868114471436,0.765462338924408,0.8612706661224365,0.7721207737922668,0.849757194519043,0.805719792842865,0.8842461109161377,0.7520689964294434,0.8879964351654053,0.7634416818618774,0.8840537071228027,0.7949973344802856,0.8478903770446777,0.824425458908081,0.8920356035232544,0.8766868114471436,0.849757194519043,0.8879964351654053,0.8478903770446777,0.8708732843399047,0.8691383719444274,0.001734912395477295,0.7876572608947754,0.765462338924408,0.805719792842865,0.7634416818618774,0.824425458908081,0.7893413066864013,0.7642306447029114,0.02511066198348999
1897.0,0.9173668622970581,0.8404473066329956,0.9216214418411255,0.8418079614639282,0.8808724880218506,0.8024698495864868,0.9079013466835022,0.828621506690979,0.8775663375854492,0.8179079294204712,0.8861113786697388,0.8466885089874268,0.8935771584510803,0.814693808555603,0.9269824028015137,0.8247077465057373,0.9042486548423767,0.8387677669525146,0.8854287266731262,0.8501661419868469,0.9216214418411255,0.9079013466835022,0.8861113786697388,0.9269824028015137,0.8854287266731262,0.9056090593338013,0.894726300239563,0.010882759094238303,0.8418079614639282,0.828621506690979,0.8466885089874268,0.8247077465057373,0.8501661419868469,0.8383983731269836,0.8228573322296142,0.015541040897369407
1898.0,0.8868419528007507,0.786068320274353,0.901604950428009,0.7824975252151489,0.8364211320877075,0.7204884886741638,0.8869712948799133,0.7745766639709473,0.8703463077545166,0.7784051895141602,0.8608009815216064,0.7904736995697021,0.8838080763816833,0.7803902626037598,0.9077174663543701,0.775108814239502,0.8771073818206787,0.7884106636047363,0.8593546152114868,0.8094562292098999,0.901604950428009,0.8869712948799133,0.8608009815216064,0.9077174663543701,0.8593546152114868,0.8832898616790772,0.8709049701690674,0.012384891510009766,0.7824975252151489,0.7745766639709473,0.7904736995697021,0.775108814239502,0.8094562292098999,0.78642258644104,0.7707525849342346,0.01567000150680542
1899.0,0.8794609308242798,0.7690099477767944,0.9106186628341675,0.8103489279747009,0.8341275453567505,0.7086334228515625,0.8819063305854797,0.8007455468177795,0.8579291105270386,0.773582935333252,0.8627445697784424,0.8219798803329468,0.8575425148010254,0.7542111873626709,0.8998933434486389,0.7331104874610901,0.8861114382743835,0.7925938367843628,0.8635410070419312,0.8462473154067993,0.9106186628341675,0.8819063305854797,0.8627445697784424,0.8998933434486389,0.8635410070419312,0.8837407827377319,0.8630343079566956,0.020706474781036377,0.8103489279747009,0.8007455468177795,0.8219798803329468,0.7331104874610901,0.8462473154067993,0.8024864315986633,0.7596062660217285,0.04288016557693475
1900.0,0.8886477947235107,0.7689980864524841,0.9026679992675781,0.7876343727111816,0.8431207537651062,0.7444485425949097,0.8790268301963806,0.7758959531784058,0.8613796234130859,0.7657206654548645,0.8662897944450378,0.8075518608093262,0.864776074886322,0.7479097843170166,0.8897751569747925,0.7422124147415161,0.8722324371337891,0.7949008941650391,0.8582501411437988,0.8259683847427368,0.9026679992675781,0.8790268301963806,0.8662897944450378,0.8897751569747925,0.8582501411437988,0.8792019844055176,0.8660313367843628,0.013170647621154719,0.7876343727111816,0.7758959531784058,0.8075518608093262,0.7422124147415161,0.8259683847427368,0.7878525972366333,0.7643955945968628,0.023457002639770463
1901.0,0.9162597060203552,0.81526780128479,0.9358462691307068,0.8454006314277649,0.8792036175727844,0.7656955122947693,0.9136497974395752,0.8196759819984436,0.8908739686012268,0.7912100553512573,0.8945691585540771,0.8222824335098267,0.8984042406082153,0.7979707717895508,0.9270827174186707,0.7902177572250366,0.906232476234436,0.8371442556381226,0.8917807340621948,0.8659265637397766,0.9358462691307068,0.9136497974395752,0.8945691585540771,0.9270827174186707,0.8917807340621948,0.9125857353210449,0.8981948018074035,0.014390933513641402,0.8454006314277649,0.8196759819984436,0.8222824335098267,0.7902177572250366,0.8659265637397766,0.8287006735801696,0.801457679271698,0.027242994308471657
1902.0,0.8672449588775635,0.7694944143295288,0.9187406897544861,0.8085033297538757,0.81825852394104,0.7231323719024658,0.8956369161605835,0.7674374580383301,0.8403118252754211,0.7574712038040161,0.8654282093048096,0.7982936501502991,0.8707058429718018,0.7663729786872864,0.9042438268661499,0.7727581262588501,0.8805552124977112,0.814194917678833,0.8547609448432922,0.821670651435852,0.9187406897544861,0.8956369161605835,0.8654282093048096,0.9042438268661499,0.8547609448432922,0.8877621173858643,0.8554152727127076,0.03234684467315674,0.8085033297538757,0.7674374580383301,0.7982936501502991,0.7727581262588501,0.821670651435852,0.7937326431274414,0.7661331772804261,0.027599465847015336
1903.0,0.9014476537704468,0.8389479517936707,0.9118425846099854,0.8684050440788269,0.8874502778053284,0.7815344929695129,0.894871711730957,0.8424908518791199,0.8807674646377563,0.807279109954834,0.8822000026702881,0.8570048809051514,0.8805902600288391,0.7984936237335205,0.9097129702568054,0.8176556825637817,0.8903372287750244,0.8523623943328857,0.8575518131256104,0.878781259059906,0.9118425846099854,0.894871711730957,0.8822000026702881,0.9097129702568054,0.8575518131256104,0.8912358164787293,0.888118577003479,0.003117239475250333,0.8684050440788269,0.8424908518791199,0.8570048809051514,0.8176556825637817,0.878781259059906,0.8528675436973572,0.8157235145568847,0.037144029140472434
1904.0,0.9184889793395996,0.8154067993164062,0.9333559274673462,0.8345751166343689,0.8839368224143982,0.7864483594894409,0.9066624045372009,0.8162723779678345,0.8818484544754028,0.7845690846443176,0.8782472610473633,0.8330676555633545,0.8924584984779358,0.7902544736862183,0.9149395227432251,0.7973635196685791,0.9061689376831055,0.8228999376296997,0.8809304237365723,0.8426188826560974,0.9333559274673462,0.9066624045372009,0.8782472610473633,0.9149395227432251,0.8809304237365723,0.9028271079063416,0.8965803384780884,0.006246769428253196,0.8345751166343689,0.8162723779678345,0.8330676555633545,0.7973635196685791,0.8426188826560974,0.8247795104980469,0.7999157309532166,0.024863779544830322
1905.0,0.921128511428833,0.8177409172058105,0.9290423393249512,0.8579425811767578,0.9097212553024292,0.783204197883606,0.9062103629112244,0.8329939842224121,0.8958145976066589,0.7938978672027588,0.8870541453361511,0.849626898765564,0.9003209471702576,0.8070365190505981,0.9212228059768677,0.7869309186935425,0.901673436164856,0.8477619886398315,0.8734570145606995,0.844601035118103,0.9290423393249512,0.9062103629112244,0.8870541453361511,0.9212228059768677,0.8734570145606995,0.9033973336219787,0.9057317495346069,-0.002334415912628174,0.8579425811767578,0.8329939842224121,0.849626898765564,0.7869309186935425,0.844601035118103,0.8344190835952758,0.809928297996521,0.02449078559875484
1906.0,0.8823037147521973,0.7783730030059814,0.9118291735649109,0.8029717803001404,0.8676087260246277,0.7418891787528992,0.884818971157074,0.7535305023193359,0.8643465042114258,0.7673422694206238,0.8694893717765808,0.7827532291412354,0.8546248078346252,0.7499817609786987,0.8920043706893921,0.7431507110595703,0.8757630586624146,0.7941975593566895,0.8730598092079163,0.8106698989868164,0.9118291735649109,0.884818971157074,0.8694893717765808,0.8920043706893921,0.8730598092079163,0.8862403392791748,0.8689293622970581,0.0173109769821167,0.8029717803001404,0.7535305023193359,0.7827532291412354,0.7431507110595703,0.8106698989868164,0.7786152243614197,0.7663567543029786,0.012258470058441162
1907.0,0.9301156401634216,0.8582797050476074,0.9439551830291748,0.880488395690918,0.8842261433601379,0.8123606443405151,0.9047996401786804,0.8320831060409546,0.89849454164505,0.8337551355361938,0.8892310857772827,0.853287398815155,0.9063031673431396,0.8179298639297485,0.9154534339904785,0.8255363702774048,0.9250163435935974,0.8693752288818359,0.9057161808013916,0.882571816444397,0.9439551830291748,0.9047996401786804,0.8892310857772827,0.9154534339904785,0.9057161808013916,0.9118311047554016,0.9088311672210694,0.002999937534332253,0.880488395690918,0.8320831060409546,0.853287398815155,0.8255363702774048,0.882571816444397,0.8547934174537659,0.8383401155471801,0.016453301906585782
1908.0,0.8896013498306274,0.7760970592498779,0.9079568386077881,0.816737949848175,0.8751803636550903,0.7415834665298462,0.8905988931655884,0.7653867602348328,0.8798391222953796,0.7621958255767822,0.8669607639312744,0.7984660863876343,0.873099684715271,0.7529276013374329,0.9027882814407349,0.7601648569107056,0.8900772333145142,0.8045544624328613,0.8718694448471069,0.830345630645752,0.9079568386077881,0.8905988931655884,0.8669607639312744,0.9027882814407349,0.8718694448471069,0.8880348443984986,0.8815595507621765,0.006475293636322044,0.816737949848175,0.7653867602348328,0.7984660863876343,0.7601648569107056,0.830345630645752,0.79422025680542,0.7674716830253601,0.026748573780059903
1909.0,0.9094874858856201,0.8331360220909119,0.926687479019165,0.8279498219490051,0.888716995716095,0.7739948034286499,0.9022371768951416,0.793980598449707,0.8621605634689331,0.7898143529891968,0.8711784482002258,0.8106310367584229,0.8817166090011597,0.7767149209976196,0.9182708263397217,0.784057080745697,0.892620325088501,0.8298501372337341,0.8519858717918396,0.8392175436019897,0.926687479019165,0.9022371768951416,0.8711784482002258,0.9182708263397217,0.8519858717918396,0.8940719604492188,0.8869403958320617,0.007131564617157027,0.8279498219490051,0.793980598449707,0.8106310367584229,0.784057080745697,0.8392175436019897,0.8111672163009643,0.8007020473480224,0.010465168952941917
1910.0,0.8952584862709045,0.7565235495567322,0.9216509461402893,0.7631248831748962,0.8776798248291016,0.7158697843551636,0.9093310832977295,0.7456434965133667,0.868070125579834,0.7497926354408264,0.8711348176002502,0.7649770379066467,0.8705984354019165,0.7262028455734253,0.913202702999115,0.7038767337799072,0.8647469282150269,0.7686285972595215,0.8510710000991821,0.8017464876174927,0.9216509461402893,0.9093310832977295,0.8711348176002502,0.913202702999115,0.8510710000991821,0.8932781100273133,0.8752707600593567,0.01800734996795661,0.7631248831748962,0.7456434965133667,0.7649770379066467,0.7038767337799072,0.8017464876174927,0.755873727798462,0.7434034824371338,0.012470245361328125
1911.0,0.8871883153915405,0.7884293794631958,0.9165983200073242,0.7998043894767761,0.8552559614181519,0.7446433901786804,0.8915636539459229,0.7736001014709473,0.8444492220878601,0.7771363854408264,0.8629435896873474,0.791428804397583,0.8636677861213684,0.7613887786865234,0.8954981565475464,0.7454789280891418,0.866353452205658,0.7918952107429504,0.8541663885116577,0.8234992623329163,0.9165983200073242,0.8915636539459229,0.8629435896873474,0.8954981565475464,0.8541663885116577,0.8841540217399597,0.8633829474449157,0.02077107429504399,0.7998043894767761,0.7736001014709473,0.791428804397583,0.7454789280891418,0.8234992623329163,0.7867622971534729,0.7726986289024353,0.014063668251037553
1912.0,0.9022938013076782,0.7878298759460449,0.9174892902374268,0.7996900081634521,0.8624285459518433,0.7319706678390503,0.8983680605888367,0.7670738697052002,0.8614590167999268,0.7513667941093445,0.8715627789497375,0.7846168279647827,0.8805379867553711,0.7685141563415527,0.9050025939941406,0.7524474859237671,0.8857530951499939,0.7703008651733398,0.8652982711791992,0.7889661192893982,0.9174892902374268,0.8983680605888367,0.8715627789497375,0.9050025939941406,0.8652982711791992,0.8915441989898681,0.8784944891929627,0.013049709796905451,0.7996900081634521,0.7670738697052002,0.7846168279647827,0.7524474859237671,0.7889661192893982,0.77855886220932,0.7619964718818665,0.016562390327453547
1913.0,0.9043634533882141,0.796043872833252,0.9181276559829712,0.8111745119094849,0.8824224472045898,0.7773369550704956,0.9137757420539856,0.7941581010818481,0.8576701879501343,0.7894231081008911,0.8733628988265991,0.8051269054412842,0.8724954724311829,0.7832764387130737,0.9031155705451965,0.7607951164245605,0.892177402973175,0.8031662702560425,0.8683007955551147,0.8274294137954712,0.9181276559829712,0.9137757420539856,0.8733628988265991,0.9031155705451965,0.8683007955551147,0.8953365325927735,0.8818257927894593,0.013510739803314187,0.8111745119094849,0.7941581010818481,0.8051269054412842,0.7607951164245605,0.8274294137954712,0.7997368097305297,0.789849328994751,0.00988748073577872
1914.0,0.8937476277351379,0.767643392086029,0.9170014262199402,0.7967065572738647,0.8612939119338989,0.6936970353126526,0.9054309129714966,0.7664412260055542,0.879261314868927,0.7674056887626648,0.8775237798690796,0.7812833786010742,0.8813371658325195,0.7866983413696289,0.9104012846946716,0.7589539289474487,0.8791990280151367,0.7798035740852356,0.8744280338287354,0.814638078212738,0.9170014262199402,0.9054309129714966,0.8775237798690796,0.9104012846946716,0.8744280338287354,0.8969570875167847,0.8789678096771241,0.017989277839660645,0.7967065572738647,0.7664412260055542,0.7812833786010742,0.7589539289474487,0.814638078212738,0.7836046338081359,0.7590496063232421,0.0245550274848938
1915.0,0.9178624749183655,0.8320600390434265,0.9292528033256531,0.8241083025932312,0.8828625679016113,0.7959359884262085,0.9088099002838135,0.7933486104011536,0.8864662647247314,0.8032578229904175,0.8849033117294312,0.8100589513778687,0.89140784740448,0.7980380058288574,0.9208109378814697,0.8075532913208008,0.9108209609985352,0.8366119861602783,0.8845310211181641,0.8322834968566895,0.9292528033256531,0.9088099002838135,0.8849033117294312,0.9208109378814697,0.8845310211181641,0.9056615948677063,0.8978840231895446,0.007777571678161621,0.8241083025932312,0.7933486104011536,0.8100589513778687,0.8075532913208008,0.8322834968566895,0.8134705305099488,0.8131807684898377,0.0002897620201111062
1916.0,0.8929916024208069,0.7845276594161987,0.9137808680534363,0.8015961050987244,0.8745154142379761,0.756950855255127,0.8938792943954468,0.7660061120986938,0.864490270614624,0.7686408162117004,0.8789916038513184,0.7872774600982666,0.8805229663848877,0.7946356534957886,0.9144344329833984,0.7776801586151123,0.8794823288917542,0.7997828125953674,0.8670721054077148,0.8158106803894043,0.9137808680534363,0.8938792943954468,0.8789916038513184,0.9144344329833984,0.8670721054077148,0.893631660938263,0.8784005165100097,0.01523114442825324,0.8015961050987244,0.7660061120986938,0.7872774600982666,0.7776801586151123,0.8158106803894043,0.7896741032600403,0.7809075593948365,0.008766543865203813
1917.0,0.8870342969894409,0.780436635017395,0.9107271432876587,0.7980583906173706,0.838054895401001,0.746271014213562,0.8906175494194031,0.7675970196723938,0.8487266898155212,0.7666876316070557,0.8628835678100586,0.7823240756988525,0.8773320913314819,0.7756626009941101,0.9042383432388306,0.7608031034469604,0.8773327469825745,0.7956364750862122,0.8655569553375244,0.8175485730171204,0.9107271432876587,0.8906175494194031,0.8628835678100586,0.9042383432388306,0.8655569553375244,0.886804711818695,0.8656961441040039,0.021108567714691162,0.7980583906173706,0.7675970196723938,0.7823240756988525,0.7608031034469604,0.8175485730171204,0.7852662324905395,0.772938871383667,0.012327361106872492
1918.0,0.8855814337730408,0.7867117524147034,0.9032175540924072,0.8070026636123657,0.8227664232254028,0.7417255640029907,0.8929736614227295,0.7816594243049622,0.8432716727256775,0.7791486978530884,0.8588656187057495,0.7868472337722778,0.8812219500541687,0.7930095791816711,0.9004722237586975,0.7724891901016235,0.8713998794555664,0.8124463558197021,0.8437761068344116,0.8161278367042542,0.9032175540924072,0.8929736614227295,0.8588656187057495,0.9004722237586975,0.8437761068344116,0.879861032962799,0.8608482718467713,0.019012761116027788,0.8070026636123657,0.7816594243049622,0.7868472337722778,0.7724891901016235,0.8161278367042542,0.7928252696990967,0.7826083898544312,0.010216879844665572
1919.0,0.889597475528717,0.7849922180175781,0.9085559248924255,0.8111538887023926,0.8548153042793274,0.7487848997116089,0.9105821847915649,0.7860571146011353,0.8603823184967041,0.7654939889907837,0.8783713579177856,0.7992673516273499,0.8757418394088745,0.7946438193321228,0.9025942087173462,0.7617471218109131,0.8826671242713928,0.8103890419006348,0.8788333535194397,0.8317911624908447,0.9085559248924255,0.9105821847915649,0.8783713579177856,0.9025942087173462,0.8788333535194397,0.8957874059677124,0.8726408123970032,0.02314659357070925,0.8111538887023926,0.7860571146011353,0.7992673516273499,0.7617471218109131,0.8317911624908447,0.798003327846527,0.7808607935905456,0.017142534255981445
1920.0,0.911837100982666,0.8142787218093872,0.9071061015129089,0.8233262300491333,0.8582078814506531,0.7458980679512024,0.9036890268325806,0.7872478365898132,0.8757705688476562,0.7779008746147156,0.8781945705413818,0.7878050208091736,0.8794513940811157,0.7921285629272461,0.9071048498153687,0.773052453994751,0.8998929262161255,0.8253182768821716,0.874821662902832,0.8287112712860107,0.9071061015129089,0.9036890268325806,0.8781945705413818,0.9071048498153687,0.874821662902832,0.8941832423210144,0.8850319743156433,0.009151268005371138,0.8233262300491333,0.7872478365898132,0.7878050208091736,0.773052453994751,0.8287112712860107,0.8000285625457764,0.7911049008369446,0.008923661708831743
1921.0,0.9078764915466309,0.8277542591094971,0.9138095378875732,0.8337085247039795,0.8641793727874756,0.7718179821968079,0.9104158282279968,0.7880048751831055,0.8705196380615234,0.798384428024292,0.8654885292053223,0.7977234125137329,0.8903087377548218,0.8083289861679077,0.905880331993103,0.7857520580291748,0.8747779726982117,0.8227627277374268,0.8657457828521729,0.8304394483566284,0.9138095378875732,0.9104158282279968,0.8654885292053223,0.905880331993103,0.8657457828521729,0.8922680020332336,0.8815324425697326,0.010735559463501021,0.8337085247039795,0.7880048751831055,0.7977234125137329,0.7857520580291748,0.8304394483566284,0.8071256637573242,0.8058096766471863,0.0013159871101379172
1922.0,0.8798788785934448,0.7966440916061401,0.9085245132446289,0.8261455297470093,0.8601636290550232,0.7451948523521423,0.9023464918136597,0.7842833995819092,0.855588436126709,0.7696216106414795,0.8657031655311584,0.7886340618133545,0.8837357759475708,0.7932459115982056,0.8976885676383972,0.7721501588821411,0.8626161813735962,0.7873855829238892,0.8550541400909424,0.8170680403709412,0.9085245132446289,0.9023464918136597,0.8657031655311584,0.8976885676383972,0.8550541400909424,0.8858633756637573,0.8683965802192688,0.01746679544448848,0.8261455297470093,0.7842833995819092,0.7886340618133545,0.7721501588821411,0.8170680403709412,0.797656238079071,0.7784184098243714,0.019237828254699663
1923.0,0.9156518578529358,0.8069084286689758,0.933917224407196,0.833223283290863,0.8815031051635742,0.768921971321106,0.9189866781234741,0.8052105903625488,0.8886556029319763,0.8099765777587891,0.892778754234314,0.8330105543136597,0.8872435688972473,0.7905146479606628,0.9269576072692871,0.7713821530342102,0.8947041630744934,0.8255826234817505,0.8693171739578247,0.8432651162147522,0.933917224407196,0.9189866781234741,0.892778754234314,0.9269576072692871,0.8693171739578247,0.9083914875984191,0.8935516595840454,0.01483982801437378,0.833223283290863,0.8052105903625488,0.8330105543136597,0.7713821530342102,0.8432651162147522,0.8172183394432068,0.8003808498382569,0.016837489604949907
1924.0,0.9178569316864014,0.794683039188385,0.9221957921981812,0.8059648275375366,0.8789103627204895,0.7347533702850342,0.9154777526855469,0.7711206078529358,0.8842005729675293,0.7729840278625488,0.8932403326034546,0.7893962264060974,0.8910642862319946,0.7779176235198975,0.9152048826217651,0.7484240531921387,0.8849893808364868,0.7876583337783813,0.8817088603973389,0.8307384848594666,0.9221957921981812,0.9154777526855469,0.8932403326034546,0.9152048826217651,0.8817088603973389,0.9055655241012573,0.8914043068885803,0.014161217212677046,0.8059648275375366,0.7711206078529358,0.7893962264060974,0.7484240531921387,0.8307384848594666,0.789128839969635,0.7735992789268493,0.015529561042785689
1925.0,0.9254262447357178,0.829043984413147,0.9232925176620483,0.8423067331314087,0.9074337482452393,0.7825438976287842,0.9168970584869385,0.8071309328079224,0.8998578786849976,0.7885803580284119,0.8997493982315063,0.8176522850990295,0.8898680806159973,0.785106897354126,0.922392725944519,0.7960307598114014,0.9147759079933167,0.8285059928894043,0.8945010900497437,0.8501213788986206,0.9232925176620483,0.9168970584869385,0.8997493982315063,0.922392725944519,0.8945010900497437,0.9113665580749511,0.9074723720550537,0.0038941860198974387,0.8423067331314087,0.8071309328079224,0.8176522850990295,0.7960307598114014,0.8501213788986206,0.8226484179496765,0.8027562260627746,0.019892191886901833
1926.0,0.8869298696517944,0.7669485807418823,0.902760922908783,0.7954654097557068,0.8665286302566528,0.7162312269210815,0.9144007563591003,0.758812427520752,0.8653665781021118,0.7370897531509399,0.8729747533798218,0.766329288482666,0.854324996471405,0.7539558410644531,0.8954680562019348,0.7365665435791016,0.8515837788581848,0.7578632831573486,0.8698482513427734,0.8053015470504761,0.902760922908783,0.9144007563591003,0.8729747533798218,0.8954680562019348,0.8698482513427734,0.8910905480384826,0.8649467706680298,0.026143777370452814,0.7954654097557068,0.758812427520752,0.766329288482666,0.7365665435791016,0.8053015470504761,0.7724950432777404,0.7464177370071411,0.026077306270599343
1927.0,0.9237741231918335,0.8217111825942993,0.9291144609451294,0.8492441177368164,0.8952270746231079,0.7687556743621826,0.9183106422424316,0.8006976842880249,0.9070433378219604,0.7844797968864441,0.8980010747909546,0.8103905320167542,0.9074546098709106,0.7945488691329956,0.9077885150909424,0.7661570310592651,0.9139286279678345,0.8033424615859985,0.8835576772689819,0.8460952043533325,0.9291144609451294,0.9183106422424316,0.8980010747909546,0.9077885150909424,0.8835576772689819,0.907354474067688,0.9094855546951294,-0.002131080627441384,0.8492441177368164,0.8006976842880249,0.8103905320167542,0.7661570310592651,0.8460952043533325,0.8145169138908386,0.794567596912384,0.01994931697845459
1928.0,0.8791832327842712,0.7558715343475342,0.9012022018432617,0.7905972003936768,0.855087161064148,0.6829544305801392,0.8914117813110352,0.7374154329299927,0.8488879203796387,0.7279868721961975,0.8466946482658386,0.7575150728225708,0.8655776977539062,0.7603752017021179,0.893207311630249,0.7207602262496948,0.8678843975067139,0.7499455213546753,0.8395668268203735,0.7963371872901917,0.9012022018432617,0.8914117813110352,0.8466946482658386,0.893207311630249,0.8395668268203735,0.8744165539741516,0.8633240818977356,0.01109247207641606,0.7905972003936768,0.7374154329299927,0.7575150728225708,0.7207602262496948,0.7963371872901917,0.7605250239372253,0.7354267120361329,0.025098311901092463
1929.0,0.8872258067131042,0.7809120416641235,0.9208818674087524,0.8180966973304749,0.8694023489952087,0.7396490573883057,0.9197872281074524,0.7753594517707825,0.8472328782081604,0.7264723777770996,0.8747279047966003,0.7711989879608154,0.8595532774925232,0.7532120943069458,0.8961162567138672,0.7284566760063171,0.8656774759292603,0.7826331853866577,0.8540048003196716,0.8135364055633545,0.9208818674087524,0.9197872281074524,0.8747279047966003,0.8961162567138672,0.8540048003196716,0.8931036114692688,0.8658183574676513,0.02728525400161741,0.8180966973304749,0.7753594517707825,0.7711989879608154,0.7284566760063171,0.8135364055633545,0.7813296437263488,0.7565757513046265,0.024753892421722323
1930.0,0.8798174262046814,0.7762216329574585,0.8907572031021118,0.8001681566238403,0.8684282302856445,0.7373088598251343,0.9061777591705322,0.7651944756507874,0.840693473815918,0.7310360670089722,0.8585801124572754,0.772248387336731,0.8416852951049805,0.7485554814338684,0.9008345603942871,0.7395070791244507,0.8639532327651978,0.7738797664642334,0.8456208109855652,0.8121281862258911,0.8907572031021118,0.9061777591705322,0.8585801124572754,0.9008345603942871,0.8456208109855652,0.8803940892219544,0.8589155316352844,0.021478557586669944,0.8001681566238403,0.7651944756507874,0.772248387336731,0.7395070791244507,0.8121281862258911,0.7778492569923401,0.7534003615379333,0.02444889545440676
1931.0,0.9073758125305176,0.8094539642333984,0.902567446231842,0.8150756359100342,0.8760176301002502,0.7380918264389038,0.9060257077217102,0.7792835235595703,0.8824722766876221,0.7672864198684692,0.887255847454071,0.8048964738845825,0.8785427212715149,0.7748647332191467,0.8986241817474365,0.7527395486831665,0.8904906511306763,0.7893043160438538,0.8705340027809143,0.823689341545105,0.902567446231842,0.9060257077217102,0.887255847454071,0.8986241817474365,0.8705340027809143,0.8930014371871948,0.8869798183441162,0.006021618843078613,0.8150756359100342,0.7792835235595703,0.8048964738845825,0.7527395486831665,0.823689341545105,0.7951369047164917,0.7758002519607544,0.01933665275573726
1932.0,0.8407701849937439,0.7516603469848633,0.8660751581192017,0.763991117477417,0.8223685026168823,0.6905760169029236,0.8699399828910828,0.7275038957595825,0.8225943446159363,0.7241621017456055,0.835254430770874,0.7633700966835022,0.8171801567077637,0.7208725810050964,0.8692498207092285,0.715700626373291,0.8159384727478027,0.7627692818641663,0.8099252581596375,0.7930150628089905,0.8660751581192017,0.8699399828910828,0.835254430770874,0.8692498207092285,0.8099252581596375,0.8500889301300049,0.8237703323364258,0.026318597793579035,0.763991117477417,0.7275038957595825,0.7633700966835022,0.715700626373291,0.7930150628089905,0.7527161598205566,0.730008065700531,0.022708094120025613
1933.0,0.8604822754859924,0.7547041773796082,0.8828174471855164,0.7740135788917542,0.8389559984207153,0.7170248031616211,0.8797593712806702,0.7499498128890991,0.8457733392715454,0.752941370010376,0.8399953842163086,0.7675431966781616,0.8467686176300049,0.7405632734298706,0.8772850632667542,0.707365095615387,0.843590497970581,0.7633763551712036,0.8211522102355957,0.8099102973937988,0.8828174471855164,0.8797593712806702,0.8399953842163086,0.8772850632667542,0.8211522102355957,0.860201895236969,0.8471141457557678,0.013087749481201172,0.7740135788917542,0.7499498128890991,0.7675431966781616,0.707365095615387,0.8099102973937988,0.7617563962936401,0.7457219958305359,0.016034400463104226
1934.0,0.8585911989212036,0.7706793546676636,0.8874328136444092,0.7993446588516235,0.8391979932785034,0.7036688327789307,0.8821035623550415,0.7527340650558472,0.8356594443321228,0.7427580952644348,0.8402975797653198,0.7740741968154907,0.8253035545349121,0.7100182771682739,0.8737903833389282,0.7167982459068298,0.8222715854644775,0.7547659873962402,0.7993216514587402,0.7920868396759033,0.8874328136444092,0.8821035623550415,0.8402975797653198,0.8737903833389282,0.7993216514587402,0.8565891981124878,0.8362047553062439,0.020384442806243852,0.7993446588516235,0.7527340650558472,0.7740741968154907,0.7167982459068298,0.7920868396759033,0.7670076012611389,0.7363781094551086,0.03062949180603025
1935.0,0.8663851022720337,0.7589833736419678,0.8869428634643555,0.7890446186065674,0.8377411961555481,0.6944664716720581,0.8867639303207397,0.7265119552612305,0.8225758671760559,0.7203381061553955,0.8411887884140015,0.7484331130981445,0.8277230262756348,0.7214750051498413,0.8655517101287842,0.6866826415061951,0.818734884262085,0.7340812683105469,0.8308950662612915,0.809686541557312,0.8869428634643555,0.8867639303207397,0.8411887884140015,0.8655517101287842,0.8308950662612915,0.8622684717178345,0.8346320152282715,0.027636456489563033,0.7890446186065674,0.7265119552612305,0.7484331130981445,0.6866826415061951,0.809686541557312,0.7520717740058899,0.7258688449859619,0.026202929019927934
1936.0,0.8780956268310547,0.758612334728241,0.9038240909576416,0.7925205826759338,0.8507435917854309,0.6799547076225281,0.9086186289787292,0.7471253871917725,0.839031457901001,0.7182263135910034,0.8531287908554077,0.7643342018127441,0.8478137254714966,0.7264301776885986,0.8964717984199524,0.6991486549377441,0.8473103046417236,0.7496837377548218,0.8287053108215332,0.8043627738952637,0.9038240909576416,0.9086186289787292,0.8531287908554077,0.8964717984199524,0.8287053108215332,0.8781497240066528,0.8525989413261413,0.025550782680511475,0.7925205826759338,0.7471253871917725,0.7643342018127441,0.6991486549377441,0.8043627738952637,0.7614983201026917,0.7265814542770386,0.03491686582565312
1937.0,0.863693356513977,0.7478317618370056,0.8920869827270508,0.779342532157898,0.8668801784515381,0.7185155153274536,0.8993757963180542,0.7388759851455688,0.8489188551902771,0.7246294617652893,0.8715313076972961,0.7481419444084167,0.8438741564750671,0.7054660320281982,0.8729968070983887,0.6864792108535767,0.8587148785591125,0.7370588779449463,0.8354005813598633,0.7890724539756775,0.8920869827270508,0.8993757963180542,0.8715313076972961,0.8729968070983887,0.8354005813598633,0.8742782950401307,0.8564162850379944,0.017862010002136275,0.779342532157898,0.7388759851455688,0.7481419444084167,0.6864792108535767,0.7890724539756775,0.7483824253082275,0.7267003297805786,0.02168209552764888
1938.0,0.8412588834762573,0.7397437691688538,0.9005100131034851,0.7958097457885742,0.8527897596359253,0.7180391550064087,0.8917804956436157,0.7417684197425842,0.8497450351715088,0.7344177961349487,0.8697516918182373,0.7679780125617981,0.8340097665786743,0.7199983596801758,0.8662068247795105,0.6959255933761597,0.8370177149772644,0.7438627481460571,0.8570153117179871,0.7987035512924194,0.9005100131034851,0.8917804956436157,0.8697516918182373,0.8662068247795105,0.8570153117179871,0.8770528674125672,0.842964231967926,0.034088635444641135,0.7958097457885742,0.7417684197425842,0.7679780125617981,0.6959255933761597,0.7987035512924194,0.7600370645523071,0.7312123656272889,0.028824698925018266
1939.0,0.8421264886856079,0.7414616346359253,0.8766745328903198,0.7892857789993286,0.8406481742858887,0.7252212166786194,0.8866178393363953,0.7300869226455688,0.8325322866439819,0.7261930704116821,0.866874098777771,0.7693608403205872,0.8317772150039673,0.7160466909408569,0.8655213117599487,0.7045459747314453,0.8425198793411255,0.7550814747810364,0.8285259008407593,0.8237804174423218,0.8766745328903198,0.8866178393363953,0.866874098777771,0.8655213117599487,0.8285259008407593,0.8648427367210388,0.8379208087921143,0.02692192792892456,0.7892857789993286,0.7300869226455688,0.7693608403205872,0.7045459747314453,0.8237804174423218,0.7634119868278504,0.732800817489624,0.030611169338226385
1940.0,0.8599326014518738,0.7616579532623291,0.8880045413970947,0.7889733910560608,0.816124677658081,0.6699943542480469,0.8751945495605469,0.729239821434021,0.8346197605133057,0.7234294414520264,0.843544602394104,0.7525469064712524,0.8348290920257568,0.7319386005401611,0.8780807256698608,0.7217689752578735,0.8403630256652832,0.7484089136123657,0.8257327079772949,0.7924121618270874,0.8880045413970947,0.8751945495605469,0.843544602394104,0.8780807256698608,0.8257327079772949,0.8621114253997803,0.8371738314628601,0.024937593936920188,0.7889733910560608,0.729239821434021,0.7525469064712524,0.7217689752578735,0.7924121618270874,0.756988251209259,0.7270858526229859,0.029902398586273193
1941.0,0.8542940616607666,0.7435363531112671,0.8945769667625427,0.7885932922363281,0.8492507934570312,0.7066466808319092,0.902135968208313,0.745023787021637,0.8561189770698547,0.7381831407546997,0.8594217300415039,0.7722290754318237,0.8499981760978699,0.7259019613265991,0.883798360824585,0.7133196592330933,0.8575369119644165,0.7533704042434692,0.8407939672470093,0.815726637840271,0.8945769667625427,0.902135968208313,0.8594217300415039,0.883798360824585,0.8407939672470093,0.8761453986167907,0.8534397840499878,0.02270561456680298,0.7885932922363281,0.745023787021637,0.7722290754318237,0.7133196592330933,0.815726637840271,0.7669784903526307,0.7335277080535889,0.03345078229904175
1942.0,0.8645720481872559,0.7310872077941895,0.8886345624923706,0.7711687088012695,0.8467826843261719,0.6553342938423157,0.9029191732406616,0.7359577417373657,0.8185979127883911,0.7237386107444763,0.8320188522338867,0.7619372606277466,0.828750491142273,0.7016268968582153,0.8833045959472656,0.6929683089256287,0.8459698557853699,0.7416317462921143,0.8068325519561768,0.785106897354126,0.8886345624923706,0.9029191732406616,0.8320188522338867,0.8833045959472656,0.8068325519561768,0.8627419471740723,0.8409345984458924,0.02180734872817991,0.7711687088012695,0.7359577417373657,0.7619372606277466,0.6929683089256287,0.785106897354126,0.7494277834892273,0.7106837511062623,0.03874403238296509
1943.0,0.8755813241004944,0.7337360978126526,0.880689263343811,0.7835211157798767,0.8319324851036072,0.6821401715278625,0.9095947742462158,0.7408449053764343,0.8359459638595581,0.7430578470230103,0.8594644069671631,0.7662025690078735,0.8287076950073242,0.7163364887237549,0.8904114961624146,0.7136911153793335,0.83583664894104,0.7487647533416748,0.8300560116767883,0.8042842149734497,0.880689263343811,0.9095947742462158,0.8594644069671631,0.8904114961624146,0.8300560116767883,0.8740431904792786,0.8416008234024048,0.03244236707687376,0.7835211157798767,0.7408449053764343,0.7662025690078735,0.7136911153793335,0.8042842149734497,0.7617087841033936,0.7248070716857911,0.03690171241760254
1944.0,0.858698308467865,0.7278080582618713,0.8802814483642578,0.7788748741149902,0.8177669048309326,0.6450231075286865,0.9010182023048401,0.7197214365005493,0.8103209137916565,0.7160958051681519,0.8308601975440979,0.7515205144882202,0.818543553352356,0.7034018039703369,0.8774518966674805,0.6825057864189148,0.8218835592269897,0.7180579900741577,0.8180345296859741,0.790137767791748,0.8802814483642578,0.9010182023048401,0.8308601975440979,0.8774518966674805,0.8180345296859741,0.8615292549133301,0.8254426479339599,0.03608660697937016,0.7788748741149902,0.7197214365005493,0.7515205144882202,0.6825057864189148,0.790137767791748,0.7445520758628845,0.7020773530006409,0.04247472286224363
1945.0,0.8517305850982666,0.710639238357544,0.8717407584190369,0.7590162754058838,0.8360503911972046,0.6785284876823425,0.8826560974121094,0.7225419282913208,0.8307540416717529,0.7266359329223633,0.8277125358581543,0.7447406053543091,0.8033323884010315,0.6844511032104492,0.8824037909507751,0.6911128759384155,0.8215696215629578,0.7287093997001648,0.8091325759887695,0.7960384488105774,0.8717407584190369,0.8826560974121094,0.8277125358581543,0.8824037909507751,0.8091325759887695,0.854729151725769,0.8286874055862427,0.026041746139526367,0.7590162754058838,0.7225419282913208,0.7447406053543091,0.6911128759384155,0.7960384488105774,0.7426900267601013,0.7057928323745728,0.03689719438552852
1946.0,0.8475672602653503,0.7425789833068848,0.8821489810943604,0.7901352643966675,0.8163356781005859,0.6920909881591797,0.880946695804596,0.7515678405761719,0.833480715751648,0.7392030954360962,0.8397649526596069,0.7631567120552063,0.8184317350387573,0.7213850021362305,0.8603328466415405,0.7007357478141785,0.8371615409851074,0.7432299852371216,0.8366613984107971,0.7982431650161743,0.8821489810943604,0.880946695804596,0.8397649526596069,0.8603328466415405,0.8366613984107971,0.8599709749221802,0.8305953860282898,0.02937558889389047,0.7901352643966675,0.7515678405761719,0.7631567120552063,0.7007357478141785,0.7982431650161743,0.7607677459716797,0.7276976108551025,0.03307013511657719
1947.0,0.8553115129470825,0.7542638182640076,0.8784396648406982,0.7969075441360474,0.8321501016616821,0.7044717073440552,0.8862963914871216,0.7669874429702759,0.832832932472229,0.7458134293556213,0.8528093099594116,0.7745341658592224,0.8137760162353516,0.7335032224655151,0.8882389068603516,0.7240692377090454,0.8508961200714111,0.7535853981971741,0.8506044149398804,0.8251619338989258,0.8784396648406982,0.8862963914871216,0.8528093099594116,0.8882389068603516,0.8506044149398804,0.8712777376174927,0.8369933366775513,0.03428440093994145,0.7969075441360474,0.7669874429702759,0.7745341658592224,0.7240692377090454,0.8251619338989258,0.7775320649147034,0.7383275151252746,0.03920454978942878
1948.0,0.8500066995620728,0.7691527009010315,0.8880941867828369,0.7980830669403076,0.8097017407417297,0.708366870880127,0.8818509578704834,0.7593340873718262,0.8079456090927124,0.7488890886306763,0.8329247236251831,0.7777488827705383,0.8214603662490845,0.7512798309326172,0.878871500492096,0.7266056537628174,0.8194392919540405,0.7537863254547119,0.8217037916183472,0.8377736806869507,0.8880941867828369,0.8818509578704834,0.8329247236251831,0.878871500492096,0.8217037916183472,0.8606890320777894,0.821710741519928,0.038978290557861395,0.7980830669403076,0.7593340873718262,0.7777488827705383,0.7266056537628174,0.8377736806869507,0.779909074306488,0.7462949633598328,0.03361411094665523
1949.0,0.8459346294403076,0.7244529724121094,0.8826264142990112,0.761204719543457,0.8349800705909729,0.6709813475608826,0.8864362835884094,0.738978922367096,0.8310211896896362,0.7026070356369019,0.85836261510849,0.7482452392578125,0.8282257318496704,0.7206259965896606,0.8822461366653442,0.6829552054405212,0.8380305171012878,0.730293869972229,0.8387266993522644,0.7983210682868958,0.8826264142990112,0.8864362835884094,0.85836261510849,0.8822461366653442,0.8387266993522644,0.8696796298027039,0.835638427734375,0.034041202068328835,0.761204719543457,0.738978922367096,0.7482452392578125,0.6829552054405212,0.7983210682868958,0.7459410309791565,0.7097922444343567,0.036148786544799805
1950.0,0.8386783599853516,0.7261515259742737,0.8801553845405579,0.7782081365585327,0.7827082872390747,0.6403632164001465,0.8884069919586182,0.7287823557853699,0.8108705282211304,0.7167720794677734,0.8408814668655396,0.7328096628189087,0.8111279606819153,0.7123318910598755,0.8859008550643921,0.697964072227478,0.8090115785598755,0.7199801206588745,0.8123857975006104,0.7948552370071411,0.8801553845405579,0.8884069919586182,0.8408814668655396,0.8859008550643921,0.8123857975006104,0.8615460991859436,0.8104793429374695,0.05106675624847412,0.7782081365585327,0.7287823557853699,0.7328096628189087,0.697964072227478,0.7948552370071411,0.7465238928794861,0.7031197667121887,0.043404126167297385
1951.0,0.8462964296340942,0.7579307556152344,0.9065059423446655,0.7802802324295044,0.8075529336929321,0.6966640949249268,0.9000499844551086,0.7322087287902832,0.836112916469574,0.747134804725647,0.8758761882781982,0.7625195980072021,0.841037392616272,0.7369736433029175,0.8988979458808899,0.7273861169815063,0.8304060697555542,0.7570770382881165,0.846002995967865,0.8056443929672241,0.9065059423446655,0.9000499844551086,0.8758761882781982,0.8988979458808899,0.846002995967865,0.8854666113853454,0.8322811484336853,0.053185462951660156,0.7802802324295044,0.7322087287902832,0.7625195980072021,0.7273861169815063,0.8056443929672241,0.7616078138351441,0.7391560673713684,0.02245174646377568
1952.0,0.8723442554473877,0.7664589881896973,0.9153261184692383,0.7956407070159912,0.8608276844024658,0.709571123123169,0.9172040224075317,0.7582632303237915,0.849102795124054,0.7464273571968079,0.8704142570495605,0.7775629758834839,0.8438395261764526,0.7406345009803772,0.8958781957626343,0.7185211181640625,0.852505624294281,0.7466438412666321,0.852141261100769,0.808215856552124,0.9153261184692383,0.9172040224075317,0.8704142570495605,0.8958781957626343,0.852141261100769,0.8901927709579468,0.8557239770889282,0.03446879386901858,0.7956407070159912,0.7582632303237915,0.7775629758834839,0.7185211181640625,0.808215856552124,0.7716407775878906,0.7419471621513367,0.02969361543655391
1953.0,0.8710572719573975,0.7815316319465637,0.91070556640625,0.7965879440307617,0.8500489592552185,0.6845459938049316,0.9127224087715149,0.7588037252426147,0.8518369197845459,0.735772967338562,0.86538165807724,0.7840880751609802,0.8394076228141785,0.7507164478302002,0.9043674468994141,0.7177777290344238,0.8536449074745178,0.7649893760681152,0.8263463973999023,0.804925799369812,0.91070556640625,0.9127224087715149,0.86538165807724,0.9043674468994141,0.8263463973999023,0.8839046955108643,0.8531991362571716,0.03070555925369267,0.7965879440307617,0.7588037252426147,0.7840880751609802,0.7177777290344238,0.804925799369812,0.7724366545677185,0.7435112833976746,0.0289253711700439
1954.0,0.8251895904541016,0.6964082717895508,0.8810076713562012,0.7409704327583313,0.7833296656608582,0.627204418182373,0.8852024078369141,0.6934133768081665,0.7843083143234253,0.6568892002105713,0.8298792839050293,0.7030746340751648,0.789433479309082,0.6784589290618896,0.8798630237579346,0.6392911672592163,0.7895239591598511,0.6963579654693604,0.807189404964447,0.7645355463027954,0.8810076713562012,0.8852024078369141,0.8298792839050293,0.8798630237579346,0.807189404964447,0.8566283583641052,0.7943570017814636,0.0622713565826416,0.7409704327583313,0.6934133768081665,0.7030746340751648,0.6392911672592163,0.7645355463027954,0.7082570314407348,0.671063756942749,0.03719327449798582
1955.0,0.8037291765213013,0.7101002931594849,0.8631160259246826,0.7471482753753662,0.7582660913467407,0.6364082098007202,0.8692160844802856,0.6999446153640747,0.7894468307495117,0.6902320384979248,0.8165255784988403,0.7315291166305542,0.7833681702613831,0.7086893320083618,0.870344877243042,0.6512618660926819,0.7713209390640259,0.700461745262146,0.780870795249939,0.784283459186554,0.8631160259246826,0.8692160844802856,0.8165255784988403,0.870344877243042,0.780870795249939,0.8400146722793579,0.7812262415885926,0.058788430690765336,0.7471482753753662,0.6999446153640747,0.7315291166305542,0.6512618660926819,0.784283459186554,0.7228334665298461,0.6891783237457275,0.03365514278411863
1956.0,0.8015409708023071,0.7187559604644775,0.8566144704818726,0.7673690319061279,0.783728837966919,0.6498639583587646,0.8680100440979004,0.721977949142456,0.7756901383399963,0.6819524765014648,0.8258277773857117,0.7452715635299683,0.7818289995193481,0.7219944000244141,0.868332028388977,0.6654834747314453,0.7821025848388672,0.7243903875350952,0.7998190522193909,0.7763059139251709,0.8566144704818726,0.8680100440979004,0.8258277773857117,0.868332028388977,0.7998190522193909,0.8437206745147705,0.7849783062934875,0.05874236822128298,0.7673690319061279,0.721977949142456,0.7452715635299683,0.6654834747314453,0.7763059139251709,0.7352815866470337,0.6993914365768432,0.035890150070190474
1957.0,0.8181406259536743,0.707413911819458,0.8711162805557251,0.7736327648162842,0.8050236701965332,0.6368505358695984,0.8795503377914429,0.7214378118515015,0.7880772948265076,0.6626535654067993,0.8196737766265869,0.7384315729141235,0.7945297956466675,0.733173131942749,0.8771511316299438,0.6784866452217102,0.7978562116622925,0.7284524440765381,0.8061258792877197,0.7912459969520569,0.8711162805557251,0.8795503377914429,0.8196737766265869,0.8771511316299438,0.8061258792877197,0.8507234811782837,0.800725519657135,0.04999796152114866,0.7736327648162842,0.7214378118515015,0.7384315729141235,0.6784866452217102,0.7912459969520569,0.7406469583511353,0.6937087178230286,0.04693824052810669
1958.0,0.7630355358123779,0.7062532901763916,0.8507798910140991,0.7577815651893616,0.7593967318534851,0.6548786163330078,0.8644286394119263,0.7186838388442993,0.7434115409851074,0.6663883924484253,0.8192819356918335,0.7418907880783081,0.7527192234992981,0.7161301374435425,0.8570741415023804,0.6544191241264343,0.7594106197357178,0.7195355296134949,0.806617021560669,0.7901743650436401,0.8507798910140991,0.8644286394119263,0.8192819356918335,0.8570741415023804,0.806617021560669,0.8396363258361816,0.7555947303771973,0.08404159545898438,0.7577815651893616,0.7186838388442993,0.7418907880783081,0.6544191241264343,0.7901743650436401,0.7325899362564087,0.6926371932029725,0.03995274305343621
1959.0,0.7575197219848633,0.6926219463348389,0.8371437788009644,0.7410905361175537,0.7365513443946838,0.6263790130615234,0.8446199893951416,0.6942931413650513,0.7301025986671448,0.6603292226791382,0.7968270182609558,0.7225366830825806,0.7226898670196533,0.70625901222229,0.8404847383499146,0.643987774848938,0.7412698268890381,0.7034417390823364,0.7805947065353394,0.7853288650512695,0.8371437788009644,0.8446199893951416,0.7968270182609558,0.8404847383499146,0.7805947065353394,0.8199340462684631,0.7376266717910767,0.08230737447738645,0.7410905361175537,0.6942931413650513,0.7225366830825806,0.643987774848938,0.7853288650512695,0.7174474000930786,0.6778061866760254,0.03964121341705318
1960.0,0.7713053226470947,0.6837425231933594,0.8403981924057007,0.7624896764755249,0.7392165064811707,0.6365253329277039,0.8368528485298157,0.7011773586273193,0.730987548828125,0.6490188241004944,0.7788996696472168,0.7231928110122681,0.7533723711967468,0.698676347732544,0.8471388816833496,0.6573073267936707,0.7325783371925354,0.6875941753387451,0.7615628242492676,0.7668042182922363,0.8403981924057007,0.8368528485298157,0.7788996696472168,0.8471388816833496,0.7615628242492676,0.8129704833030701,0.7454920172691345,0.06747846603393559,0.7624896764755249,0.7011773586273193,0.7231928110122681,0.6573073267936707,0.7668042182922363,0.7221942782402039,0.6711114406585693,0.051082837581634566
1961.0,0.7558194398880005,0.6936941742897034,0.8378087878227234,0.744867205619812,0.7149675488471985,0.6164419054985046,0.8399142026901245,0.6954925060272217,0.7318180799484253,0.642690896987915,0.7673557996749878,0.7185412645339966,0.7309179306030273,0.6989398002624512,0.8413600921630859,0.6635420322418213,0.7194627523422241,0.7063701152801514,0.7523010969161987,0.7737159729003906,0.8378087878227234,0.8399142026901245,0.7673557996749878,0.8413600921630859,0.7523010969161987,0.807747995853424,0.7305971503257751,0.07715084552764895,0.744867205619812,0.6954925060272217,0.7185412645339966,0.6635420322418213,0.7737159729003906,0.7192317962646484,0.6716273784637451,0.0476044178009033
1962.0,0.7524253129959106,0.6677484512329102,0.8166550397872925,0.7301708459854126,0.7168603539466858,0.624529242515564,0.8163278102874756,0.6739521026611328,0.7176016569137573,0.6630340814590454,0.7755868434906006,0.7226815819740295,0.7274240255355835,0.6960219740867615,0.8188979029655457,0.6362813115119934,0.726554274559021,0.7105267643928528,0.7663837671279907,0.7631487846374512,0.8166550397872925,0.8163278102874756,0.7755868434906006,0.8188979029655457,0.7663837671279907,0.798770272731781,0.7281731247901917,0.07059714794158933,0.7301708459854126,0.6739521026611328,0.7226815819740295,0.6362813115119934,0.7631487846374512,0.7052469253540039,0.6723721027374268,0.03287482261657715
1963.0,0.7490788698196411,0.6814000010490417,0.8362277746200562,0.734993577003479,0.7344073057174683,0.6120460033416748,0.8347699642181396,0.6876541376113892,0.7240532636642456,0.6548936367034912,0.7775002717971802,0.7130361795425415,0.7386095523834229,0.6989445686340332,0.8288041353225708,0.622171938419342,0.733185350894928,0.7039974927902222,0.7779412269592285,0.7729449272155762,0.8362277746200562,0.8347699642181396,0.7775002717971802,0.8288041353225708,0.7779412269592285,0.8110486745834351,0.7358668684959412,0.07518180608749392,0.734993577003479,0.6876541376113892,0.7130361795425415,0.622171938419342,0.7729449272155762,0.7061601519584656,0.6702563405036926,0.03590381145477295
1964.0,0.7373614311218262,0.6818066835403442,0.8222785592079163,0.7507819533348083,0.7270556688308716,0.6312870979309082,0.8474951386451721,0.7102625370025635,0.7273602485656738,0.6717361807823181,0.7814651727676392,0.7296961545944214,0.7288936376571655,0.7130248546600342,0.8188333511352539,0.6486138105392456,0.7054275274276733,0.7007471323013306,0.7660166621208191,0.781683623790741,0.8222785592079163,0.8474951386451721,0.7814651727676392,0.8188333511352539,0.7660166621208191,0.8072177767753601,0.7252197027206421,0.08199807405471804,0.7507819533348083,0.7102625370025635,0.7296961545944214,0.6486138105392456,0.781683623790741,0.7242076158523559,0.6797203898429871,0.04448722600936883
1965.0,0.7385725378990173,0.6535316705703735,0.8236820101737976,0.7343027591705322,0.7313532829284668,0.5974003076553345,0.840462327003479,0.6797159314155579,0.7358126044273376,0.6297061443328857,0.7675930261611938,0.7104266285896301,0.7162165641784668,0.6741323471069336,0.8408999443054199,0.6491137742996216,0.7181614637374878,0.6771925687789917,0.7587476372718811,0.7585696578025818,0.8236820101737976,0.840462327003479,0.7675930261611938,0.8408999443054199,0.7587476372718811,0.8062769889831543,0.7280232906341553,0.07825369834899898,0.7343027591705322,0.6797159314155579,0.7104266285896301,0.6491137742996216,0.7585696578025818,0.7064257502555847,0.6463926076889038,0.06003314256668091
1966.0,0.7395932674407959,0.6771981716156006,0.8231137990951538,0.7537372708320618,0.7416197061538696,0.6106104850769043,0.842933714389801,0.6987406015396118,0.7275356650352478,0.6274733543395996,0.7875862121582031,0.7115013599395752,0.7213086485862732,0.6959518194198608,0.8243718147277832,0.6569351553916931,0.7174743413925171,0.7059458494186401,0.7747662663459778,0.7674387693405151,0.8231137990951538,0.842933714389801,0.7875862121582031,0.8243718147277832,0.7747662663459778,0.8105543613433838,0.7295063257217407,0.08104803562164309,0.7537372708320618,0.6987406015396118,0.7115013599395752,0.6569351553916931,0.7674387693405151,0.7176706314086914,0.6634359359741211,0.05423469543457027
1967.0,0.741612434387207,0.6666229963302612,0.8107194900512695,0.7468525171279907,0.7186406850814819,0.5939805507659912,0.8395951986312866,0.7018293142318726,0.7215996384620667,0.6322866678237915,0.7783160209655762,0.7280735373497009,0.7080622911453247,0.6849462985992432,0.8304735422134399,0.6783285140991211,0.7224334478378296,0.6972524523735046,0.7637017965316772,0.7644116282463074,0.8107194900512695,0.8395951986312866,0.7783160209655762,0.8304735422134399,0.7637017965316772,0.8045612096786499,0.7224696993827819,0.08209151029586792,0.7468525171279907,0.7018293142318726,0.7280735373497009,0.6783285140991211,0.7644116282463074,0.7238991022109985,0.6550177931785583,0.06888130903244016
1968.0,0.7202556729316711,0.6617395877838135,0.8399527668952942,0.7520157098770142,0.7130320072174072,0.6201614141464233,0.8563715219497681,0.7000737190246582,0.6831214427947998,0.6297965049743652,0.8006967306137085,0.7356537580490112,0.6886773109436035,0.6792894601821899,0.8300589323043823,0.6601673364639282,0.706052303314209,0.7042346000671387,0.7733064293861389,0.786824107170105,0.8399527668952942,0.8563715219497681,0.8006967306137085,0.8300589323043823,0.7733064293861389,0.8200772762298584,0.7022277474403381,0.11784952878952026,0.7520157098770142,0.7000737190246582,0.7356537580490112,0.6601673364639282,0.786824107170105,0.7269469261169433,0.6590443134307862,0.06790261268615716
1969.0,0.7461069822311401,0.6721058487892151,0.8308416604995728,0.7516953349113464,0.707537055015564,0.6065187454223633,0.8348155617713928,0.6908872127532959,0.715843141078949,0.629880428314209,0.7959597110748291,0.7171257734298706,0.7202785611152649,0.6848966479301453,0.8330383896827698,0.6601983904838562,0.7222681045532227,0.7105423212051392,0.7745380997657776,0.7847558259963989,0.8308416604995728,0.8348155617713928,0.7959597110748291,0.8330383896827698,0.7745380997657776,0.8138386845588684,0.7224067687988281,0.09143191576004028,0.7516953349113464,0.6908872127532959,0.7171257734298706,0.6601983904838562,0.7847558259963989,0.7209325075149536,0.6607887983322144,0.06014370918273926
1970.0,0.7081649303436279,0.6714591979980469,0.8206145763397217,0.7530869245529175,0.7156223058700562,0.6517466306686401,0.8287556171417236,0.6976618766784668,0.6938230395317078,0.6315617561340332,0.7620174288749695,0.7208305597305298,0.6730368137359619,0.6773006916046143,0.8006625175476074,0.6714323163032532,0.7040600776672363,0.6919304132461548,0.7665196061134338,0.7720800638198853,0.8206145763397217,0.8287556171417236,0.7620174288749695,0.8006625175476074,0.7665196061134338,0.7957139492034913,0.698941433429718,0.09677251577377322,0.7530869245529175,0.6976618766784668,0.7208305597305298,0.6714323163032532,0.7720800638198853,0.7230183482170105,0.6647997379302979,0.0582186102867126
1971.0,0.7434698343276978,0.663395345211029,0.8356502056121826,0.7499260902404785,0.7145633697509766,0.6053763031959534,0.8407372236251831,0.6766070127487183,0.7334264516830444,0.6522976160049438,0.7930082678794861,0.702864408493042,0.7167144417762756,0.6977964639663696,0.8167140483856201,0.6567842960357666,0.7403622269630432,0.6957486867904663,0.771714448928833,0.7584916353225708,0.8356502056121826,0.8407372236251831,0.7930082678794861,0.8167140483856201,0.771714448928833,0.811564838886261,0.7297072649002075,0.08185757398605342,0.7499260902404785,0.6766070127487183,0.702864408493042,0.6567842960357666,0.7584916353225708,0.7089346885681153,0.6629228830337525,0.04601180553436279
1972.0,0.7359899282455444,0.6648188233375549,0.834747314453125,0.7451404333114624,0.7559040188789368,0.6403453946113586,0.8519396185874939,0.6924360990524292,0.7396609783172607,0.6424388289451599,0.7839462757110596,0.7013645172119141,0.7300124168395996,0.6973649263381958,0.8379485607147217,0.6643836498260498,0.7384076118469238,0.676789402961731,0.7684775590896606,0.7533913850784302,0.834747314453125,0.8519396185874939,0.7839462757110596,0.8379485607147217,0.7684775590896606,0.8154118657112122,0.7399949908256531,0.07541687488555904,0.7451404333114624,0.6924360990524292,0.7013645172119141,0.6643836498260498,0.7533913850784302,0.7113432168960572,0.6643514752388,0.04699174165725717
1973.0,0.7186530828475952,0.657304048538208,0.8231222629547119,0.7307308316230774,0.7029510736465454,0.6075766086578369,0.8446305990219116,0.6779465079307556,0.7177720069885254,0.6266505718231201,0.7942473888397217,0.7022109031677246,0.7124886512756348,0.6867725849151611,0.815322995185852,0.6456944942474365,0.7238219976425171,0.6974773406982422,0.7691603302955627,0.7493221759796143,0.8231222629547119,0.8446305990219116,0.7942473888397217,0.815322995185852,0.7691603302955627,0.809296715259552,0.7151373624801636,0.09415935277938847,0.7307308316230774,0.6779465079307556,0.7022109031677246,0.6456944942474365,0.7493221759796143,0.7011809825897217,0.6551562309265136,0.046024751663208074
1974.0,0.7379209995269775,0.6542224287986755,0.8408560752868652,0.7393577098846436,0.726736307144165,0.5922839641571045,0.8543121814727783,0.6794350147247314,0.7365952730178833,0.6202589869499207,0.7951196432113647,0.7050567865371704,0.7204625606536865,0.6983028054237366,0.8290389180183411,0.6591640710830688,0.7167835831642151,0.7006930708885193,0.7560122609138489,0.7599402666091919,0.8408560752868652,0.8543121814727783,0.7951196432113647,0.8290389180183411,0.7560122609138489,0.8150678157806397,0.7276997447013855,0.08736807107925415,0.7393577098846436,0.6794350147247314,0.7050567865371704,0.6591640710830688,0.7599402666091919,0.7085907697677613,0.6531522512435913,0.05543851852416992
1975.0,0.7491322159767151,0.671249508857727,0.8398059606552124,0.7489265203475952,0.7600507140159607,0.6406269073486328,0.8537222146987915,0.6743007302284241,0.776630163192749,0.6337475776672363,0.819351077079773,0.7074832916259766,0.729933500289917,0.6810781955718994,0.8443930149078369,0.6693453788757324,0.7398581504821777,0.7005811333656311,0.7856588363647461,0.7560974359512329,0.8398059606552124,0.8537222146987915,0.819351077079773,0.8443930149078369,0.7856588363647461,0.828586220741272,0.7511209487915039,0.07746527194976804,0.7489265203475952,0.6743007302284241,0.7074832916259766,0.6693453788757324,0.7560974359512329,0.7112306714057922,0.6654566645622253,0.04577400684356692
1976.0,0.7279075384140015,0.673559308052063,0.8387201428413391,0.7588356733322144,0.7405930757522583,0.6717373728752136,0.8347780704498291,0.6865688562393188,0.7406808137893677,0.6710076332092285,0.7956761121749878,0.721422553062439,0.722352147102356,0.7050351500511169,0.8437204957008362,0.6633241176605225,0.7244911193847656,0.7212476134300232,0.744002103805542,0.7843732833862305,0.8387201428413391,0.8347780704498291,0.7956761121749878,0.8437204957008362,0.744002103805542,0.8113793849945068,0.7312049388885498,0.08017444610595703,0.7588356733322144,0.6865688562393188,0.721422553062439,0.6633241176605225,0.7843732833862305,0.722904896736145,0.6885174155235291,0.03438748121261592
1977.0,0.7458897233009338,0.6798442602157593,0.8493138551712036,0.7606428861618042,0.7464098930358887,0.6198096871376038,0.854641854763031,0.6793148517608643,0.7568694353103638,0.6523320078849792,0.7988936305046082,0.7097877264022827,0.7300681471824646,0.7088123559951782,0.852515697479248,0.6727818846702576,0.7434064149856567,0.7182105779647827,0.7730807065963745,0.7664717435836792,0.8493138551712036,0.854641854763031,0.7988936305046082,0.852515697479248,0.7730807065963745,0.825689148902893,0.7445287227630615,0.08116042613983154,0.7606428861618042,0.6793148517608643,0.7097877264022827,0.6727818846702576,0.7664717435836792,0.7177998185157776,0.6758017778396607,0.0419980406761169
1978.0,0.7014771103858948,0.6484971046447754,0.813711404800415,0.7482654452323914,0.6965086460113525,0.5797837972640991,0.8185827136039734,0.6675068736076355,0.7123706340789795,0.6196693181991577,0.7700644135475159,0.6793360114097595,0.6847493648529053,0.6884299516677856,0.8070448040962219,0.6478285789489746,0.7085752487182617,0.6958813667297363,0.7425217032432556,0.7461252808570862,0.813711404800415,0.8185827136039734,0.7700644135475159,0.8070448040962219,0.7425217032432556,0.7903850078582764,0.7007362008094787,0.08964880704879763,0.7482654452323914,0.6675068736076355,0.6793360114097595,0.6478285789489746,0.7461252808570862,0.6978124380111694,0.6464523077011108,0.051360130310058594
1979.0,0.729068398475647,0.6528928279876709,0.8296143412590027,0.7440633773803711,0.7339808344841003,0.6109020709991455,0.846881091594696,0.6814342737197876,0.7442125082015991,0.6402329206466675,0.7931493520736694,0.7064523696899414,0.7176839113235474,0.6862819194793701,0.8223952651023865,0.6500344276428223,0.7134333848953247,0.7192988991737366,0.7452452182769775,0.7640137076377869,0.8296143412590027,0.846881091594696,0.7931493520736694,0.8223952651023865,0.7452452182769775,0.8074570536613465,0.7276758074760437,0.0797812461853028,0.7440633773803711,0.6814342737197876,0.7064523696899414,0.6500344276428223,0.7640137076377869,0.7091996312141419,0.6619217276573182,0.04727790355682371
1980.0,0.6950005292892456,0.633817195892334,0.8174201250076294,0.7318766713142395,0.6875567436218262,0.5980905890464783,0.8101985454559326,0.662688136100769,0.6927758455276489,0.5981701612472534,0.7754290699958801,0.6876367330551147,0.6791942119598389,0.6631112694740295,0.7930208444595337,0.6343854665756226,0.7023673057556152,0.6944321393966675,0.7465917468070984,0.7516171932220459,0.8174201250076294,0.8101985454559326,0.7754290699958801,0.7930208444595337,0.7465917468070984,0.7885320663452149,0.6913789272308349,0.09715313911437995,0.7318766713142395,0.662688136100769,0.6876367330551147,0.6343854665756226,0.7516171932220459,0.6936408400535583,0.6375242710113526,0.056116569042205744
1981.0,0.732124924659729,0.6359277367591858,0.8255510926246643,0.7316466569900513,0.724115252494812,0.6055265665054321,0.8377764225006104,0.6764611005783081,0.7346591949462891,0.6289147138595581,0.7997981309890747,0.7031221389770508,0.71933513879776,0.682244062423706,0.8267356157302856,0.6363030672073364,0.7249196767807007,0.7037814855575562,0.750076413154602,0.7632695436477661,0.8255510926246643,0.8377764225006104,0.7997981309890747,0.8267356157302856,0.750076413154602,0.8079875349998474,0.7270308375358582,0.08095669746398926,0.7316466569900513,0.6764611005783081,0.7031221389770508,0.6363030672073364,0.7632695436477661,0.7021605014801026,0.6512789130210876,0.050881588459014915
1982.0,0.7362319231033325,0.6381084322929382,0.8320368528366089,0.7453327178955078,0.7365222573280334,0.5958772301673889,0.8379790782928467,0.678841233253479,0.7379242181777954,0.6214188933372498,0.7955856323242188,0.6976699829101562,0.733457088470459,0.6843246221542358,0.8171267509460449,0.6330714225769043,0.7354174256324768,0.6958206295967102,0.743725061416626,0.7456872463226318,0.8320368528366089,0.8379790782928467,0.7955856323242188,0.8171267509460449,0.743725061416626,0.805290675163269,0.7359105825424195,0.06938009262084954,0.7453327178955078,0.678841233253479,0.6976699829101562,0.6330714225769043,0.7456872463226318,0.7001205205917358,0.6471099615097046,0.05301055908203123
1983.0,0.688393771648407,0.6104936599731445,0.7978122234344482,0.7243898510932922,0.678899884223938,0.5905107259750366,0.8170171976089478,0.668836236000061,0.689363956451416,0.6164283752441406,0.7557278275489807,0.6849266886711121,0.6799243092536926,0.6442722082138062,0.7929710745811462,0.6091978549957275,0.6864705085754395,0.673555850982666,0.7052015066146851,0.7317889928817749,0.7978122234344482,0.8170171976089478,0.7557278275489807,0.7929710745811462,0.7052015066146851,0.7737459659576416,0.6846104860305786,0.08913547992706294,0.7243898510932922,0.668836236000061,0.6849266886711121,0.6091978549957275,0.7317889928817749,0.6838279247283936,0.6270521640777588,0.05677576065063483
1984.0,0.6707862615585327,0.6219059824943542,0.7995502948760986,0.7395082116127014,0.6639462113380432,0.600394606590271,0.7992122173309326,0.6650567054748535,0.6839838027954102,0.6051249504089355,0.7436389923095703,0.6755000352859497,0.6649808883666992,0.6777799129486084,0.7664814591407776,0.6289247274398804,0.6827410459518433,0.6826512813568115,0.7247391939163208,0.743431568145752,0.7995502948760986,0.7992122173309326,0.7436389923095703,0.7664814591407776,0.7247391939163208,0.76672443151474,0.6732876420021057,0.09343678951263434,0.7395082116127014,0.6650567054748535,0.6755000352859497,0.6289247274398804,0.743431568145752,0.6904842495918274,0.6375713467597961,0.05291290283203132
1985.0,0.6953682899475098,0.635683536529541,0.8044228553771973,0.7482351064682007,0.6619826555252075,0.5705555081367493,0.8121889233589172,0.6720839738845825,0.6947190761566162,0.6194363832473755,0.7650459408760071,0.692051887512207,0.6928643584251404,0.6703528165817261,0.787460207939148,0.6277180910110474,0.6994885802268982,0.6979748606681824,0.7244617342948914,0.7602580189704895,0.8044228553771973,0.8121889233589172,0.7650459408760071,0.787460207939148,0.7244617342948914,0.7787159323692322,0.6888845920562744,0.08983134031295781,0.7482351064682007,0.6720839738845825,0.692051887512207,0.6277180910110474,0.7602580189704895,0.7000694155693055,0.6388006210327148,0.06126879453659062
1986.0,0.6828939914703369,0.6219714879989624,0.7970160245895386,0.737384021282196,0.6623756289482117,0.609466552734375,0.807183563709259,0.6678563356399536,0.6873862743377686,0.630776047706604,0.7516950368881226,0.6923286318778992,0.6807174682617188,0.6864613890647888,0.7881049513816833,0.6181143522262573,0.6913813948631287,0.6982088685035706,0.7142263054847717,0.7678963541984558,0.7970160245895386,0.807183563709259,0.7516950368881226,0.7881049513816833,0.7142263054847717,0.7716451764106751,0.6809509515762329,0.09069422483444223,0.737384021282196,0.6678563356399536,0.6923286318778992,0.6181143522262573,0.7678963541984558,0.6967159390449524,0.6493768692016602,0.04733906984329228
1987.0,0.66109299659729,0.629062294960022,0.7846143245697021,0.7384514808654785,0.6638175249099731,0.5858303308486938,0.8033384084701538,0.6639612317085266,0.6719505190849304,0.606596827507019,0.7488371133804321,0.6709150671958923,0.6470983624458313,0.6537309885025024,0.7680506110191345,0.6039745807647705,0.6630409955978394,0.6656990051269531,0.7022176384925842,0.734154224395752,0.7846143245697021,0.8033384084701538,0.7488371133804321,0.7680506110191345,0.7022176384925842,0.7614116191864013,0.6614000797271729,0.10001153945922847,0.7384514808654785,0.6639612317085266,0.6709150671958923,0.6039745807647705,0.734154224395752,0.682291316986084,0.6281838893890381,0.0541074275970459
1988.0,0.6718001961708069,0.6254315376281738,0.7954957485198975,0.7426502704620361,0.6661425232887268,0.5885355472564697,0.8232358694076538,0.6723289489746094,0.6805153489112854,0.6140943765640259,0.764335036277771,0.6871737837791443,0.650728166103363,0.6623353958129883,0.7702457904815674,0.6226590275764465,0.6861815452575684,0.6737500429153442,0.7346842885017395,0.7383734583854675,0.7954957485198975,0.8232358694076538,0.764335036277771,0.7702457904815674,0.7346842885017395,0.7775993466377258,0.6710735559463501,0.10652579069137569,0.7426502704620361,0.6723289489746094,0.6871737837791443,0.6226590275764465,0.7383734583854675,0.6926370978355407,0.6328293800354003,0.05980771780014038
1989.0,0.6866008043289185,0.6287066340446472,0.7981961369514465,0.743922770023346,0.6950201988220215,0.5924071669578552,0.831165611743927,0.6839583516120911,0.6953383684158325,0.617243766784668,0.7706934809684753,0.6928473711013794,0.6700688600540161,0.6549657583236694,0.7805723547935486,0.6315401792526245,0.7049717903137207,0.6789610385894775,0.7449386119842529,0.7342942953109741,0.7981961369514465,0.831165611743927,0.7706934809684753,0.7805723547935486,0.7449386119842529,0.7851132392883301,0.6904000043869019,0.09471323490142824,0.743922770023346,0.6839583516120911,0.6928473711013794,0.6315401792526245,0.7342942953109741,0.697312593460083,0.6344568729400635,0.06285572052001953
1990.0,0.6721599102020264,0.6315126419067383,0.8016714453697205,0.7334080934524536,0.6644192934036255,0.5965189933776855,0.8114405274391174,0.6873898506164551,0.6873995065689087,0.6278039216995239,0.763430118560791,0.7105196714401245,0.6553264260292053,0.6705995798110962,0.7681006193161011,0.6472581624984741,0.6661408543586731,0.665219247341156,0.7262977957725525,0.7428550720214844,0.8016714453697205,0.8114405274391174,0.763430118560791,0.7681006193161011,0.7262977957725525,0.7741881012916565,0.6690891981124878,0.1050989031791687,0.7334080934524536,0.6873898506164551,0.7105196714401245,0.6472581624984741,0.7428550720214844,0.7042861700057983,0.63833087682724,0.0659552931785583
1991.0,0.6571915149688721,0.5997864007949829,0.7702844142913818,0.7071735262870789,0.6884864568710327,0.5781195163726807,0.8112990260124207,0.6578108072280884,0.6851279735565186,0.6009796857833862,0.7531058192253113,0.6823481321334839,0.650333821773529,0.6578775644302368,0.7612664699554443,0.6167407631874084,0.6821122169494629,0.6523648500442505,0.7352173328399658,0.7216078042984009,0.7702844142913818,0.8112990260124207,0.7531058192253113,0.7612664699554443,0.7352173328399658,0.7662346124649048,0.6726503968238831,0.0935842156410217,0.7071735262870789,0.6578108072280884,0.6823481321334839,0.6167407631874084,0.7216078042984009,0.6771362066268921,0.6178256034851074,0.05931060314178471
1992.0,0.6779206395149231,0.6346917152404785,0.7807480096817017,0.7495689392089844,0.6861673593521118,0.6071155667304993,0.8159844279289246,0.6835920810699463,0.684368908405304,0.6242153644561768,0.7574747800827026,0.700398862361908,0.6632651090621948,0.6747608184814453,0.7791793346405029,0.6483373641967773,0.6779524683952332,0.6749502420425415,0.7305618524551392,0.7366276979446411,0.7807480096817017,0.8159844279289246,0.7574747800827026,0.7791793346405029,0.7305618524551392,0.7727896809577942,0.6779348969459533,0.09485478401184089,0.7495689392089844,0.6835920810699463,0.700398862361908,0.6483373641967773,0.7366276979446411,0.7037049889564514,0.6431467413902283,0.06055824756622308
1993.0,0.6645656824111938,0.615162193775177,0.8011965155601501,0.7259645462036133,0.6716936230659485,0.5732966661453247,0.8150124549865723,0.6746470928192139,0.6898967027664185,0.6177380084991455,0.758767306804657,0.697041392326355,0.664972186088562,0.6517131328582764,0.7763996124267578,0.6222310066223145,0.6895744800567627,0.6755985617637634,0.741257905960083,0.7397170066833496,0.8011965155601501,0.8150124549865723,0.758767306804657,0.7763996124267578,0.741257905960083,0.778526759147644,0.6761405348777771,0.10238622426986688,0.7259645462036133,0.6746470928192139,0.697041392326355,0.6222310066223145,0.7397170066833496,0.6919202089309693,0.6267017126083374,0.06521849632263188
1994.0,0.6805362105369568,0.6109844446182251,0.805002748966217,0.7111607193946838,0.7099839448928833,0.6087069511413574,0.8210850954055786,0.6560503244400024,0.7061810493469238,0.6143805384635925,0.7671618461608887,0.6926857233047485,0.6763817667961121,0.660097599029541,0.776714563369751,0.6089439392089844,0.6945695281028748,0.6668184399604797,0.7541522979736328,0.7231374382972717,0.805002748966217,0.8210850954055786,0.7671618461608887,0.776714563369751,0.7541522979736328,0.7848233103752136,0.6935304999351501,0.09129281044006343,0.7111607193946838,0.6560503244400024,0.6926857233047485,0.6089439392089844,0.7231374382972717,0.6783956289291382,0.6321975946426391,0.046198034286499046
1995.0,0.6836076378822327,0.5935937166213989,0.8009095191955566,0.6953928470611572,0.6891800165176392,0.5820819735527039,0.8222038745880127,0.6526654958724976,0.7082270383834839,0.6145877838134766,0.763222336769104,0.6739425659179688,0.6641274690628052,0.6255891919136047,0.7900261878967285,0.6116963624954224,0.6583703756332397,0.6453593969345093,0.7240351438522339,0.6999545693397522,0.8009095191955566,0.8222038745880127,0.763222336769104,0.7900261878967285,0.7240351438522339,0.7800794124603272,0.6807025074958801,0.09937690496444707,0.6953928470611572,0.6526654958724976,0.6739425659179688,0.6116963624954224,0.6999545693397522,0.6667303681373596,0.6122424125671386,0.054487955570221014
1996.0,0.6646884083747864,0.6279920339584351,0.7994557619094849,0.7370981574058533,0.6635422706604004,0.5881136059761047,0.8253197073936462,0.6720520257949829,0.6972512006759644,0.6495846509933472,0.7713145613670349,0.7121844291687012,0.6603914499282837,0.6753334999084473,0.776466965675354,0.636817455291748,0.677659273147583,0.6865229606628418,0.7445000410079956,0.7459871768951416,0.7994557619094849,0.8253197073936462,0.7713145613670349,0.776466965675354,0.7445000410079956,0.7834114074707031,0.6727065205574035,0.1107048869132996,0.7370981574058533,0.6720520257949829,0.7121844291687012,0.636817455291748,0.7459871768951416,0.7008278489112854,0.6455093502998352,0.055318498611450106
1997.0,0.6834216117858887,0.6433271169662476,0.7972636818885803,0.7383295297622681,0.6981796622276306,0.6168152689933777,0.82037353515625,0.6756496429443359,0.6991028785705566,0.6361452341079712,0.7667691111564636,0.7220382690429688,0.6833527088165283,0.68161541223526,0.7819250822067261,0.6299993991851807,0.68803471326828,0.7089512944221497,0.7368090152740479,0.7647905349731445,0.7972636818885803,0.82037353515625,0.7667691111564636,0.7819250822067261,0.7368090152740479,0.7806280851364136,0.6904183149337768,0.09020977020263676,0.7383295297622681,0.6756496429443359,0.7220382690429688,0.6299993991851807,0.7647905349731445,0.7061614751815796,0.6573708653450012,0.04879060983657835
1998.0,0.7456685900688171,0.7399100065231323,0.8398169279098511,0.7986963987350464,0.730972170829773,0.7037340402603149,0.8439823389053345,0.7739494442939758,0.756891131401062,0.7374716997146606,0.8056603670120239,0.7977187633514404,0.7473236918449402,0.7861059904098511,0.8262021541595459,0.7463117837905884,0.74528968334198,0.7763712406158447,0.7964682579040527,0.821804940700531,0.8398169279098511,0.8439823389053345,0.8056603670120239,0.8262021541595459,0.7964682579040527,0.8224260091781617,0.7452290534973145,0.07719695568084717,0.7986963987350464,0.7739494442939758,0.7977187633514404,0.7463117837905884,0.821804940700531,0.7876962661743164,0.7487185955047607,0.03897767066955571
1999.0,0.6451526284217834,0.6120796203613281,0.7915678024291992,0.7063176035881042,0.656967043876648,0.6049530506134033,0.8094508647918701,0.6463741660118103,0.6905306577682495,0.6266707181930542,0.7520369291305542,0.6863186359405518,0.6636202931404114,0.6730632781982422,0.7743965983390808,0.611426591873169,0.6582469344139099,0.6821800470352173,0.7352986335754395,0.722058892250061,0.7915678024291992,0.8094508647918701,0.7520369291305542,0.7743965983390808,0.7352986335754395,0.7725501656532288,0.6629035115242005,0.1096466541290283,0.7063176035881042,0.6463741660118103,0.6863186359405518,0.611426591873169,0.722058892250061,0.6744991779327393,0.639789342880249,0.03470983505249026
2000.0,0.6327481269836426,0.6311533451080322,0.7831451892852783,0.7237117290496826,0.644109845161438,0.6116676926612854,0.7986856698989868,0.6507774591445923,0.6625240445137024,0.6290911436080933,0.7442675828933716,0.6944255828857422,0.6551814675331116,0.6988534927368164,0.7861435413360596,0.6278369426727295,0.6565629243850708,0.6777217388153076,0.7336773872375488,0.7146334648132324,0.7831451892852783,0.7986856698989868,0.7442675828933716,0.7861435413360596,0.7336773872375488,0.769183874130249,0.6502252817153931,0.11895859241485596,0.7237117290496826,0.6507774591445923,0.6944255828857422,0.6278369426727295,0.7146334648132324,0.6822770357131958,0.649697482585907,0.032579553127288774
2001.0,0.656749427318573,0.6032748818397522,0.7880368232727051,0.7129756212234497,0.6712747812271118,0.5736185312271118,0.8241544961929321,0.6506784558296204,0.6744129061698914,0.5966116786003113,0.7468852400779724,0.6857510805130005,0.6538782119750977,0.6747948527336121,0.7762136459350586,0.6147811412811279,0.6397510766983032,0.66611248254776,0.6930890083312988,0.7087805271148682,0.7880368232727051,0.8241544961929321,0.7468852400779724,0.7762136459350586,0.6930890083312988,0.7656758427619934,0.6592132806777954,0.10646256208419802,0.7129756212234497,0.6506784558296204,0.6857510805130005,0.6147811412811279,0.7087805271148682,0.6745933651924133,0.6228824853897095,0.051710879802703835
2002.0,0.6608361005783081,0.6211443543434143,0.7923270463943481,0.7086920738220215,0.6676039099693298,0.62517249584198,0.8117355108261108,0.6597774028778076,0.6802783012390137,0.6209458708763123,0.7600223422050476,0.6969242095947266,0.6638861298561096,0.7016343474388123,0.7738856077194214,0.6263647079467773,0.6395663022994995,0.6625607013702393,0.7131224870681763,0.7213675379753113,0.7923270463943481,0.8117355108261108,0.7600223422050476,0.7738856077194214,0.7131224870681763,0.7702185988426209,0.6624341487884522,0.1077844500541687,0.7086920738220215,0.6597774028778076,0.6969242095947266,0.6263647079467773,0.7213675379753113,0.6826251864433288,0.6462915539741516,0.0363336324691772
2003.0,0.6529636383056641,0.6058207154273987,0.7810918688774109,0.7111642360687256,0.6549960374832153,0.5941111445426941,0.8144634962081909,0.6483171582221985,0.6799736022949219,0.6113168597221375,0.747952401638031,0.680659294128418,0.650239109992981,0.6815991997718811,0.779871940612793,0.6263103485107422,0.6501116156578064,0.6758923530578613,0.7084881067276001,0.7212400436401367,0.7810918688774109,0.8144634962081909,0.747952401638031,0.779871940612793,0.7084881067276001,0.7663735628128052,0.6576568007469177,0.10871676206588754,0.7111642360687256,0.6483171582221985,0.680659294128418,0.6263103485107422,0.7212400436401367,0.6775382161140442,0.6337480545043945,0.04379016160964966
2004.0,0.6464666724205017,0.6203093528747559,0.7960357666015625,0.7350012063980103,0.6697241067886353,0.5877940654754639,0.8175923824310303,0.665606677532196,0.6774529814720154,0.6270756125450134,0.7580992579460144,0.7000566720962524,0.6613719463348389,0.6984164714813232,0.7788465023040771,0.6427807807922363,0.668385922908783,0.7034787535667419,0.7396911382675171,0.7512332797050476,0.7960357666015625,0.8175923824310303,0.7580992579460144,0.7788465023040771,0.7396911382675171,0.7780530095100403,0.6646803259849549,0.11337268352508545,0.7350012063980103,0.665606677532196,0.7000566720962524,0.6427807807922363,0.7512332797050476,0.6989357233047485,0.6474148511886597,0.0515208721160888
2005.0,0.6248319745063782,0.6019465923309326,0.7773711681365967,0.7038259506225586,0.6122000217437744,0.5666252970695496,0.7922704815864563,0.6457070112228394,0.6387791037559509,0.5870870351791382,0.7299341559410095,0.6773024797439575,0.6380986571311951,0.6852825880050659,0.7490570545196533,0.6328706741333008,0.6507688760757446,0.6518405675888062,0.697332501411438,0.7023131847381592,0.7773711681365967,0.7922704815864563,0.7299341559410095,0.7490570545196533,0.697332501411438,0.7491930723190308,0.6329357266426087,0.1162573456764221,0.7038259506225586,0.6457070112228394,0.6773024797439575,0.6328706741333008,0.7023131847381592,0.6724038600921631,0.6185564160346985,0.053847444057464666
2006.0,0.6604586839675903,0.6319637894630432,0.7972080111503601,0.7362517714500427,0.6567409634590149,0.5961374640464783,0.8195883631706238,0.6702433228492737,0.67856365442276,0.6236992478370667,0.7459527254104614,0.696073591709137,0.6686763167381287,0.7007696628570557,0.7761422991752625,0.629531979560852,0.6758190989494324,0.6951819658279419,0.7384485006332397,0.737602949142456,0.7972080111503601,0.8195883631706238,0.7459527254104614,0.7761422991752625,0.7384485006332397,0.7754679799079895,0.6680517435073853,0.10741623640060427,0.7362517714500427,0.6702433228492737,0.696073591709137,0.629531979560852,0.737602949142456,0.6939407229423523,0.6495504260063172,0.044390296936035134
2007.0,0.6427721977233887,0.6195544004440308,0.7795606851577759,0.7222990989685059,0.642216145992279,0.581581175327301,0.7923569083213806,0.6409165859222412,0.6540950536727905,0.620377779006958,0.7390934824943542,0.691891074180603,0.6533874273300171,0.6917294263839722,0.7776648998260498,0.6396102905273438,0.6637245416641235,0.681105375289917,0.7261583805084229,0.7243515253067017,0.7795606851577759,0.7923569083213806,0.7390934824943542,0.7776648998260498,0.7261583805084229,0.7629668712615967,0.6512390732765198,0.11172779798507693,0.7222990989685059,0.6409165859222412,0.691891074180603,0.6396102905273438,0.7243515253067017,0.6838137149810791,0.6388696312904358,0.04494408369064329
2008.0,0.6683351397514343,0.6312946081161499,0.7906519174575806,0.7150580286979675,0.6815785765647888,0.6350082755088806,0.8153166770935059,0.6635033488273621,0.6877186894416809,0.6379064917564392,0.7654802799224854,0.6993661522865295,0.6836104393005371,0.7054760456085205,0.7980484366416931,0.660009503364563,0.6789612174034119,0.6806334257125854,0.7408512830734253,0.7219563126564026,0.7906519174575806,0.8153166770935059,0.7654802799224854,0.7980484366416931,0.7408512830734253,0.782069718837738,0.6800408124923706,0.10202890634536743,0.7150580286979675,0.6635033488273621,0.6993661522865295,0.660009503364563,0.7219563126564026,0.6919786691665649,0.6580637693405151,0.03391489982604978
2009.0,0.6352744102478027,0.6520313024520874,0.7463804483413696,0.7288011312484741,0.6561830043792725,0.624602198600769,0.798274040222168,0.6783887147903442,0.6614199876785278,0.644352912902832,0.7256003618240356,0.7069502472877502,0.6353577375411987,0.7168817520141602,0.7562108039855957,0.630760669708252,0.6235945224761963,0.6880141496658325,0.6873844265937805,0.7383478879928589,0.7463804483413696,0.798274040222168,0.7256003618240356,0.7562108039855957,0.6873844265937805,0.7427700161933899,0.6423659324645996,0.10040408372879028,0.7288011312484741,0.6783887147903442,0.7069502472877502,0.630760669708252,0.7383478879928589,0.6966497302055359,0.6651764631271362,0.0314732670783997
2010.0,0.659534752368927,0.6672284603118896,0.803332507610321,0.7430784106254578,0.6858339905738831,0.6470116376876831,0.8186445236206055,0.7042068839073181,0.6884880065917969,0.6600885987281799,0.76051926612854,0.7258330583572388,0.6872810125350952,0.7237898111343384,0.7873342037200928,0.6762517094612122,0.6573129296302795,0.7033305168151855,0.7231416702270508,0.7513754367828369,0.803332507610321,0.8186445236206055,0.76051926612854,0.7873342037200928,0.7231416702270508,0.778594434261322,0.6756901383399964,0.10290429592132566,0.7430784106254578,0.7042068839073181,0.7258330583572388,0.6762517094612122,0.7513754367828369,0.7201490998268127,0.6802898049354553,0.03985929489135742
